ingredient_name,ingredient_id
크림치즈,500000
단호박,500001
수박,500002
고추장,500003
데리야끼소스,500004
뇨끼,500005
다진마늘,500006
소금,500007
감자,500008
새우두부계란찜연두부75g,500009
조선부추50g,500010
방울토마토소박이:방울토마토150g,500011
오이무침:오이70g,500012
북엇국북어채25g,500013
황태해장국황태15g,500014
된장국두부20g,500015
멸치육수:국물용멸치5g,500016
치커리샐러드:치커리30g,500017
스트로베리샐러드딸기70g,500018
그린매쉬드포테이토:감자80g,500019
버섯구이:새송이버섯70g,500020
구운채소:가지20g,500021
브로콜리컬리플라워샐러드:브로콜리40g,500022
오렌지당근펀치당근100g,500023
주재료:소면160g,500024
주재료실곤약440g,500025
주재료만두피4g,500026
주재료:소면50g육수:함초3g,500027
두부320g,500028
다시마1g,500029
주재료:감자100g,500030
돌나물샐러드:돌나물90g,500031
주재료:배추70g,500032
주재료:대구살120g,500033
주재료:자색고구마10g,500034
주재료:애호박70g,500035
주재료:민들레잎40g,500036
주재료:가지100g,500037
돼지고기,500038
소고기,500039
닭고기,500040
호박잎,500041
황태채,500042
오리고기,500043
전복,500044
검은콩,500045
산마,500046
재료닭가슴살,500047
재료콩나물,500048
재료풋고추,500049
재료오징어,500050
•필수재료:주꾸미,500051
재료느타리버섯,500052
재료통조림햄,500053
•필수재료:통조림햄,500054
재료굴,500055
재료콩,500056
•필수재료:표고버섯,500057
재료토란,500058
홀토마토200g,500059
실곤약200g,500060
오징어300g,500061
배750g,500062
쇠고기등심240g,500063
오징어1마리,500064
소고기우둔살200g,500065
삼치200g,500066
삼겹살200g,500067
귀리밥100g,500068
감자220g,500069
단호박200g,500070
라이스버거:밥200g,500071
•필수재료:오이고추,500072
닭가슴살,500073
광어,500074
두부,500075
쌀,500076
닭고기살,500077
새우,500078
통삼겹살,500079
다진돼지고기,500080
삼치,500081
토마토,500082
또띠아,500083
통오징어,500084
모시조개,500085
연근,500086
콜라비,500087
표고버섯,500088
찬밥60g,500089
감자30g,500090
-주재료:민어50g,500091
재료양송이버섯,500092
재료현미,500093
재료피망,500094
재료콩고기,500095
재료수박껍질,500096
재료바나나,500097
재료신선초,500098
재료감자,500099
재료마늘,500100
재료양파,500101
재료새우,500102
재료라면,500103
주꾸미200g,500104
무50g,500105
조기1마리,500106
돼지머리200g,500107
밥150g,500108
연근200g,500109
코다리250g,500110
두부300g,500111
풋사과200g,500112
주꾸미80g,500113
참외200g,500114
연어60g,500115
콜라비200g,500116
코다리200g,500117
연두부,500118
애호박,500119
고구마,500120
백김치,500121
생선살,500122
삼겹살,500123
주꾸미,500124
미니버섯,500125
연어,500126
옥수수콘,500127
찹쌀가루,500128
콩나물,500129
포카치아빵,500130
오징어,500131
•필수재료:대하,500132
재료쌀,500133
볶음밥쌀,500134
재료칵테일새우,500135
재료닭봉,500136
재료봄동,500137
재료멥쌀,500138
재료파프리카,500139
재료당근,500140
재료오징어몸통,500141
주재료:양념족발200g,500142
갈은소고기150g,500143
3가지색소면,500144
통삼겹250g,500145
쌀150g,500146
파스타면50g,500147
찜갈비200g,500148
쌀100g,500149
전복100g,500150
쇠고기구이용150g,500151
도토리묵,500152
우엉20g,500153
미니단호박250g,500154
소채끝살200g,500155
식빵,500156
소시지,500157
소등심,500158
라이스페퍼,500159
밀가루,500160
다진소고기,500161
돼지등심,500162
스파게티,500163
닭봉,500164
보리쌀,500165
다진쇠고기,500166
재료배추,500167
재료표고버섯,500168
재료다진돼지고기,500169
재료두부,500170
재료돼지고기,500171
재료차돌박이,500172
•필수재료:오리고기,500173
재료양배추,500174
피시볼반죽검은콩,500175
재료대하,500176
찹쌀25g,500177
황태30g,500178
주꾸미50g,500179
냉동고등어300g,500180
볶은현미25g,500181
양파150g절임물:물200g,500182
관자100g,500183
•필수재료:실곤약,500184
닭가슴살100g,500185
두가지묵,500186
흰앙금100g,500187
장어250g,500188
단단한두부150g,500189
청국장가루20g,500190
증편200g,500191
양파,500192
가지,500193
•필수재료:다진소고기,500194
사과,500195
새송이버섯,500196
체리,500197
미숫가루,500198
망고퓨레,500199
줄기토마토,500200
홍시,500201
재료:닭고기,500202
현미,500203
달걀,500204
키위샐러드:키위60g,500205
돌나물,500206
건강그린샐러드:양상추40g,500207
케일샐러드보라로즈케일15g,500208
주재료:꼬막1000g,500209
주재료:가지150g,500210
주재료:마늘종60g,500211
재료곤약,500212
재료미나리,500213
재료고구마,500214
재료다시마,500215
재료대구,500216
재료쇠고기육수,500217
재료김치,500218
버섯볶음새송이버섯100g,500219
백일송이버섯볶음백일송이버섯65g,500220
•필수재료:가지,500221
곤약냉채:실곤약50g,500222
재료검은콩,500223
•필수재료:단호박,500224
재료가다랑어포,500225
재료숙주,500226
재료도토리묵,500227
재료우삼겹,500228
재료곤드레나물,500229
재료바지락,500230
재료새송이버섯,500231
냉스프두부120g,500232
호박고구마스프고구마70g,500233
밥180g,500234
주재료밥210g,500235
주재료:현미140g,500236
쌀밥420g,500237
주재료:두릅20g,500238
주재료:바나나100g,500239
주재료:딸기100g,500240
재료단호박,500241
재료애호박,500242
재료양상추,500243
재료검은깨,500244
두부100g,500245
멜론300g,500246
통삼겹200g,500247
곤약국수200g,500248
브로콜리60g,500249
달걀120g,500250
닭가슴살280g,500251
시금치150g,500252
두부구이:두부70g,500253
주재료:풋고추5g,500254
주재료:오이고추15g,500255
매실액10g,500256
주재료:무200g,500257
주재료:배추10g,500258
•필수재료:현미,500259
재료가지,500260
재료동태포,500261
스테이크재료두부,500262
재료꽁치살,500263
재료연근,500264
재료아귀,500265
쌀밥200g,500266
통삼겹200g조림장:맛간장30g,500267
메밀면80g,500268
전복200g,500269
백미150g,500270
검은콩두유50g,500271
영양부추20g,500272
닭육수200g,500273
닭가슴살250g,500274
•필수재료:방울토마토,500275
우유100g,500276
닭가슴살150g,500277
단호박50g,500278
가지250g,500279
등갈비,500280
실곤약,500281
황태,500282
양송이,500283
동치미,500284
흑임자,500285
바지락,500286
도라지,500287
•필수재료:가다랑어포,500288
곤약,500289
마,500290
고등어,500291
배추,500292
문어,500293
취나물,500294
참치,500295
새송이버섯30g,500296
얼갈이배추50g,500297
사과25g,500298
콜라비10g,500299
고구마90g,500300
얼린홍시70g,500301
오징어채소말이:오징어몸통80g,500302
감자70g,500303
쌀가루50g,500304
달걀50g,500305
꼬막60g,500306
물파래5g,500307
카스텔라100g,500308
방울토마토200g,500309
닭가슴살200g,500310
함초25g,500311
울금가루15g,500312
건조미역줄기10g,500313
고사리25g,500314
감자150g,500315
더덕50g,500316
청포묵,500317
양배추,500318
홍합,500319
귀리,500320
사골육수,500321
콩가루,500322
양상추,500323
머윗대,500324
아스파라거스,500325
-주재료:가지50g,500326
-주재료:토막낸닭170g,500327
-주재료:돼지고기목심70g,500328
-주재료:병어60g,500329
주재료:비름나물30g,500330
깻잎5g,500331
주재료:머위대70g,500332
수박속껍질50g,500333
오미자10g,500334
얼린포도알80g,500335
전복영양밥:쌀90g,500336
근대쌈밥:쌀70g,500337
장어150g,500338
•필수재료:삼치,500339
다진소고기40g,500340
훈제연어,500341
유부,500342
밥패티:찹쌀,500343
당근,500344
•필수재료:소불고기,500345
돼지갈비,500346
닭,500347
골뱅이,500348
관자,500349
쌀가루,500350
엿기름,500351
,500352
다슬기살20g,500353
부침가루30g,500354
밥100g,500355
쌀70g,500356
두부40g,500357
닭가슴살50g,500358
무청시래기불린것50g,500359
식빵40g,500360
꽃게70g,500361
•필수재료:우엉,500362
칵테일새우50g,500363
무,500364
떡볶이떡,500365
소고기등심,500366
닭다리살,500367
돼지목살,500368
버터,500369
L.A갈비,500370
마늘,500371
찹쌀,500372
브로콜리,500373
오렌지,500374
마감자전:감자40g,500375
토란50g,500376
갈치구이:갈치50g,500377
단호박70g,500378
고등어50g,500379
낙지70g,500380
돼지고기등심60g,500381
건도토리묵30g,500382
무40g,500383
조기70g,500384
표고버섯30g,500385
돼지고기사태60g,500386
연근배추샐러드:연근20g,500387
열무김치100g,500388
안심160g,500389
토마토홀50g,500390
가지1/2개,500391
쪽갈비400g,500392
알배추8장,500393
실곤약150g,500394
명란젓50g,500395
양송이100g,500396
연어150g,500397
닭날개100g,500398
카레가루45g,500399
완두콩10g,500400
쌈무10.5g,500401
통마늘10g,500402
•필수재료:브로콜리70g,500403
•필수재료:닭다리살,500404
버터40g,500405
오이,500406
방울토마토,500407
깻잎,500408
무말랭이10g,500409
•필수재료:양배추,500410
건미역4g,500411
•필수재료:바지락,500412
•필수재료:통배추,500413
•필수재료:감자,500414
김치,500415
참나물,500416
소고기14g,500417
•필수재료:락교,500418
쌀40g,500419
꽃게8.2g,500420
물300ml,500421
•필수재료:건미역,500422
닭고기100g,500423
냉동곤약,500424
토마토35g,500425
강력분300g,500426
콜리플라워,500427
홍시50g,500428
낙지50g,500429
코다리150g,500430
•필수재료:참나물,500431
어린잎채소,500432
방울토마토20g,500433
배400g,500434
가자미살40g,500435
"""배추17g",500436
크래비,500437
게살,500438
•필수재료:오징어,500439
•필수재료:콜라비,500440
오이30g,500441
건미역1.5g,500442
•필수재료:청경채,500443
부챗살,500444
묵은지,500445
•필수재료:명태포,500446
곤약100g,500447
배추20g,500448
쇠고기등심17.5g,500449
순무40g,500450
•필수재료:등갈비,500451
콜리플라워25g,500452
한돈,500453
배추10g,500454
•필수재료:느타리버섯,500455
닭가슴살60g,500456
닭고기가슴살100g[소스소개]밑간양념:요구르트6g,500457
돼지고기등심50g,500458
쇠고기등심38g,500459
돼지등심100g,500460
알감자80g,500461
쇠고기등심50g,500462
새우살30g,500463
돈민찌80g,500464
배30g,500465
참외20g,500466
팽이버섯,500467
돼지고기삼겹살40g,500468
쇠고기40g,500469
낙지20g,500470
도미100g,500471
새우13g,500472
고등어70g,500473
골뱅이25g,500474
굴20g,500475
쇠고기,500476
•필수재료:무,500477
삶은스파게티,500478
금태50g,500479
김10g,500480
꽁치60g,500481
꽃게120g,500482
두부60g,500483
멸치중간것10g,500484
연두부큰것25g,500485
콩비지20g,500486
훈재연어40g,500487
오징어80g,500488
갑오징어50g,500489
백새우40g,500490
흑임자30g,500491
돼지고기30g,500492
배80g,500493
•필수재료:떡볶이떡,500494
연두부50g,500495
젤라틴5g,500496
복숭아150g,500497
천도복숭아30g,500498
양파15,500499
고구마15g,500500
•필수재료:비름나물,500501
판곤약60g,500502
꽈리고추,500503
양파다진것10g,500504
좁쌀15g,500505
돼지고기목살30g,500506
멜론110g,500507
양파다진것3g,500508
시금치10g,500509
당근다진것10g,500510
불린쌀30g,500511
밥120g,500512
에멘탈치즈20g,500513
고구마35g,500514
우육,500515
단감60g,500516
삼계탕용닭,500517
유부10g,500518
펜넬파스타40g,500519
달걀30g,500520
감자10g,500521
멜론30g,500522
버터2g,500523
새우살40g,500524
고구마60g,500525
양파1cm정사각형14g,500526
단호박30g,500527
감자20g,500528
밀가루30g,500529
죽순5g,500530
유부8g,500531
찰어묵50g,500532
까망베르치즈8g,500533
앞다리살돈육,500534
오이80g,500535
건취나물,500536
돼지목살다진것50g,500537
홍시40g,500538
고구마50g,500539
두부30g,500540
치자2g,500541
밥70g,500542
오미자5g,500543
사과60g,500544
냉동홍시70g,500545
메밀가루20g,500546
잡곡밥흑미검은콩50g,500547
단호박작은것125g,500548
두부80g,500549
새우20g,500550
도미40g,500551
밀가루중력분80g,500552
•필수재료:닭정육,500553
돈등심80g,500554
오이10g,500555
•필수재료:양상추,500556
시금치70g,500557
쇠고기샄코기80g,500558
배추50g,500559
새우60g,500560
찹쌀30g,500561
오트밀15g,500562
양파10g,500563
달걀20g,500564
양파다진것15g,500565
메밀가루50g,500566
소고기40g,500567
감자50g,500568
•필수재료:닭고기,500569
두부70g,500570
오징어35g,500571
감귤20g,500572
손질된고등어,500573
칵테일새우,500574
상추,500575
쇠고기사태100g,500576
닭가슴살80g,500577
달걀35g,500578
밥40g,500579
다시마30g,500580
옥수수35g,500581
느타리버섯15g,500582
그린비타민8g,500583
두부35g,500584
더덕40g,500585
돼지고기살코기40g,500586
단호박40g,500587
도미살65g,500588
알배추50g,500589
누룽지5g,500590
고구마70g,500591
오렌지25g,500592
당근50g,500593
팥10g,500594
연근20g,500595
검은콩튀밥10g,500596
잣3g,500597
현미가루10g,500598
감자80g,500599
달걀물10g,500600
돼지갈비60g,500601
사과50g,500602
돼지등심60g,500603
바지락살20g,500604
찹쌀가루60g,500605
깐연근22.18g,500606
포항초20g,500607
대파,500608
조랭이떡140g,500609
문어50g,500610
과메기60g,500611
밥180,500612
굴50,500613
완자:콩비지50,500614
주재료:돼지등갈비200,500615
주재료:오징어30,500616
주재료:코다리50,500617
주재료:대구살60,500618
땅콩10,500619
맛살50g,500620
돼지고기다진것12g,500621
흰살생선70g,500622
쇠고기살코기40g,500623
쇠고기등심80g,500624
쌀30g,500625
또띠아25g,500626
쇠고기25g,500627
닭가슴살30g,500628
닭가슴살20g,500629
주재료:시금치,500630
불린미역,500631
호두15,500632
주재료:쌀90,500633
비빔밥:쌀밥210,500634
주재료:키조개관자60,500635
가자미50,500636
주재료:쇠고기등심60,500637
주재료:오리고기50g,500638
주재료:밀가루50,500639
주재료:민들레15,500640
참취70g,500641
주재료:토마토70,500642
주재료:풋마늘20,500643
절편35,500644
가지70g,500645
고등어35g,500646
다시마25g,500647
브로콜리70g,500648
새우35g,500649
상추/로메인60g,500650
연두부75g,500651
당근80g,500652
쇠고기30g,500653
팽이버섯70g,500654
딸기100g,500655
재료1인분봄동10g,500656
주재료:마30g,500657
재료:배추,500658
고구마20g,500659
마늘50g,500660
자몽30g,500661
찹쌀가루12g,500662
우유180g,500663
떡꼬치:쌀떡90g,500664
누룽지:밥210g,500665
반죽:찹쌀,500666
잡곡,500667
밥,500668
양파17.5g,500669
중력분25g,500670
미역마른것5g,500671
잣20g,500672
밥140g,500673
팥40g,500674
애호박50g,500675
감자100g,500676
쇠고기갈은것50g,500677
.,500678
양송이버섯12.8g,500679
바게트,500680
우엉,500681
당근갈은것40g,500682
밥20g,500683
단호박18g,500684
표고버섯마른것20g,500685
감자40g,500686
배추잎50g,500687
당면20g,500688
단호박14g,500689
도라지25g,500690
브로컬리20g,500691
표고버섯5g,500692
비트80g,500693
상추15g,500694
비트,500695
진미채,500696
감말랭이,500697
땅콩호박,500698
크랜베리,500699
박력분,500700
대추고,500701
수삼10g,500702
해선장2g,500703
양배추16g,500704
얼갈이배추60g,500705
•필수재료:오이,500706
상추10g,500707
청고추10g,500708
달걀110g,500709
콩30g,500710
곤약10g,500711
바나나,500712
딸기,500713
아몬드슬라이스,500714
밤고구마,500715
당근퓨레,500716
완두콩,500717
호떡반죽,500718
렌틸콩,500719
호박고구마,500720
어묵,500721
대두10g,500722
두부67g,500723
녹차가루6g,500724
자색고구마,500725
멥쌀가루,500726
오미자,500727
말린오미자,500728
밤,500729
자두,500730
배,500731
유자,500732
우유,500733
바지락10g,500734
바지락30g,500735
계란150g,500736
소고기70g,500737
삼치50g,500738
두부50g,500739
톳나물15g,500740
퀴노아3g,500741
캔참치20g,500742
배추김치18g,500743
찹쌀가루15g,500744
떡볶이떡26g,500745
포도,500746
만가닥버섯25g,500747
양파80g,500748
고구마순25g,500749
•필수재료:배추,500750
아욱200g,500751
검정콩,500752
고사리30g,500753
매생이30g,500754
병아리콩10g,500755
가지7g,500756
통도라지80g,500757
계란60g,500758
고구마순60g,500759
시금치80g,500760
미숫가루15g,500761
사과20g,500762
토마토50g,500763
•필수재료:포두부,500764
참외,500765
흰강낭콩,500766
홍합50g,500767
콩나물50g,500768
동태살120g,500769
낙지30g,500770
불린병아리콩,500771
황금팽이버섯,500772
미역줄기,500773
정수물,500774
사과식초 약,500775
파채,500776
정수물 약,500777
간마늘,500778
국산콩손두부,500779
정수물 약5와,500780
삶은 메추리알,500781
정수 물 약,500782
정수물 약 8과,500783
정수물 약 6과,500784
정수물 약 3과,500785
초벌소곱창,500786
식용유,500787
등갈비 약,500788
순한맛 라면,500789
다진 돼지고기,500790
고구마 약 1개~,500791
손질오징어,500792
쌀 약,500793
콩비지 2와,500794
물,500795
단무지,500796
밥 약,500797
물 약 5와,500798
물 약,500799
공심채,500800
냉동감자,500801
맛소금 약,500802
사골국물,500803
물 약 2와,500804
정수 물 약 1과,500805
진간장 약,500806
대파 약,500807
토마토 1과,500808
식초 약,500809
라면,500810
대패삼겹살,500811
진비빔면,500812
고추장 약,500813
중멸치 약,500814
고추장 2와,500815
진미채 약,500816
밀떡볶이떡 1과,500817
돼지고기뒷다리살,500818
달걀노른자 약,500819
멸치액젓 약,500820
통조림참치,500821
파 채,500822
얇은 사각어묵,500823
모차렐라 치즈,500824
떡볶이떡 1과,500825
약,500826
2-,500827
떡볶이 떡 약1과,500828
생굴,500829
안심,500830
간 돼지고기,500831
대파 1과,500832
냉동만두,500833
사각얼음 약,500834
감자 2-,500835
황설탕,500836
황설탕 2와,500837
소갈비,500838
간 돼지고기 약,500839
정수물 8과,500840
진간장,500841
분홍소시지,500842
통식빵,500843
삶은 옥수수,500844
삶은달걀,500845
찰옥수수,500846
디포리,500847
신김치,500848
두부 약,500849
순한맛라면,500850
오이 약,500851
후르츠칵테일,500852
식용유 약,500853
칼국수 면,500854
설탕,500855
노랑파프리카,500856
불린 미역 1과,500857
통조림 옥수수,500858
신김치 약,500859
돼지고기 후지 슬라이스,500860
토막 닭고기,500861
소면,500862
건 다시마,500863
순두부,500864
옥수수통조림,500865
열무,500866
통마늘,500867
두부반모,500868
김,500869
순대,500870
중면,500871
소 불고기용,500872
무 4.,500873
닭갈비 도시락,500874
알새우칩 과자,500875
마요네즈,500876
시금치,500877
부추,500878
자른미역,500879
돼지고기전지,500880
닭근위,500881
오징어채,500882
굵은고춧가루,500883
간돼지고기,500884
된장,500885
돈등심,500886
물 4와,500887
뒷다리살,500888
깐 밤,500889
소고기목심,500890
물 2.,500891
만두피,500892
쌀떡,500893
참기름,500894
튀김가루,500895
돼지고기등심,500896
불린고사리,500897
LA갈비,500898
양지다짐육 1과,500899
맛소금,500900
무 1과,500901
버터 1과,500902
동태,500903
표고불린물 1.,500904
두부 1과,500905
통조림골뱅이,500906
사과조림,500907
족발,500908
고등어통조림,500909
닭 다리살,500910
당면,500911
진간장 1과,500912
알배기 배추,500913
다진 양파,500914
토막닭,500915
다진양파,500916
1. 새꼬막,500917
만능양파 45g /,500918
만능양파,500919
콩나물 2박스,500920
돼지 목살,500921
 설탕,500922
 칵테일새우,500923
 다진대파,500924
 고춧가루,500925
 후추,500926
 감자,500927
 국간장,500928
 물엿,500929
 T55 밀가루 또는 중력분,500930
칵테일새우20g,500931
날콩가루7g,500932
다진땅콩10g,500933
새우10g,500934
콩나물30g,500935
애느타리버섯20g,500936
다시마1장,500937
적양배추15g,500938
플레인요거트85g,500939
시금치우유소스5g,500940
올리브유10g,500941
호박50g,500942
컬리플라워40g,500943
오렌지100g,500944
저염소금4g,500945
검은콩70g,500946
브로콜리100g,500947
노루궁뎅이버섯25g,500948
쌀뜨물300g,500949
두부10g,500950
양배추150g,500951
미니새송이버섯60g,500952
석류즙10g,500953
홍파프리카10g,500954
무10g,500955
양송이버섯60g,500956
비트5g,500957
토마토200g,500958
배춧잎,500959
가시오가피,500960
150g),500961
메밀면,500962
멸치,500963
30g),500964
토마토100g,500965
물김치국물200g,500966
미니파프리카40g,500967
후르츠칵테일150g,500968
시금치50g,500969
옥수수30g,500970
메추리알100g,500971
샐러리40g,500972
생강50g,500973
방울토마토100g,500974
아욱30g,500975
깻잎10g,500976
찹쌀가루100g,500977
맛간장15g,500978
영양부추,500979
생강즙,500980
생크림,500981
강황가루,500982
함초가루,500983
브로컬리,500984
3마리),500985
식초,500986
100g),500987
오곡,500988
닭다리살80g,500989
쇠고기양지15g,500990
멥쌀,500991
파프리카,500992
아보카도,500993
청경채,500994
조개,500995
쪽파,500996
미나리20g,500997
연근25g,500998
허브크러스트100g,500999
우동면100g,501000
양파60g,501001
전분50g,501002
어린잎20g,501003
논우렁100g,501004
무60g,501005
로즈마리,501006
천일염,501007
저염간장,501008
생강,501009
정종,501010
치자,501011
참깨,501012
2개),501013
콩비지,501014
120g),501015
인삼,501016
톳,501017
깻잎장아찌,501018
파인애플,501019
피망,501020
고구마150g,501021
갈은돼지고기150g,501022
초록,501023
된장10g,501024
바지락100g,501025
마른미역줄기10g,501026
건곤드레10g,501027
당근15g,501028
무30g,501029
알마늘20g,501030
올방개묵,501031
찹쌀100g,501032
나무막대기,501033
시금치가루,501034
올리브오일,501035
후춧가루,501036
화이트와인,501037
우유200g,501038
바지락살25g,501039
전분가루50g,501040
볶은율무25g,501041
볶은소금2g,501042
양파25g,501043
미역10g,501044
검정깨묵)각25g씩,501045
블루베리30g,501046
슬라이스햄25g,501047
망고150g,501048
판젤라틴,501049
맛술,501050
수삼,501051
백년초가루,501052
느타리버섯,501053
300g),501054
카레가루,501055
통조림콩,501056
라즈베리,501057
다시마,501058
치커리10g,501059
흰로즈케일15g,501060
달래100g,501061
베이컨80g,501062
연어200g,501063
숙주,501064
셀러리,501065
붉은고추,501066
양송이버섯,501067
미나리,501068
청양고추,501069
노랑파프리카5g,501070
메밀묵,501071
고구마순,501072
플레인요거트70g,501073
북어15g,501074
찹쌀140g,501075
김4g,501076
가지20g,501077
설탕5g,501078
키위100g,501079
치커리,501080
빵가루,501081
김2g,501082
브로콜리30g,501083
고구마100g,501084
찰보리50g,501085
귀리30g,501086
쇠고기50g,501087
미나리50g,501088
강황가루15g,501089
전분10g,501090
순두부80g,501091
당근5g,501092
실치40g,501093
비트10g,501094
미나리5g,501095
마늘종,501096
200g),501097
불린표고버섯,501098
명태,501099
소불고기150g,501100
통후추2g,501101
백일송이25g,501102
자숙새우60g,501103
크렌베리15g,501104
꿀15g,501105
치커리20g,501106
양송이버섯30g,501107
달걀60g,501108
매생이20g,501109
닭육수400g구이소스:저염된장15g,501110
시금치30g,501111
우유180mg,501112
월계수잎,501113
뽕잎가루,501114
파스타,501115
50g),501116
풋고추,501117
빨간파프리카10g,501118
더덕20g,501119
배50g,501120
당근3g,501121
곶감30g,501122
오이20g,501123
감자25g,501124
밥30g,501125
떡볶이떡40g고추장8g,501126
노란콩25g,501127
당근30g,501128
사과100g,501129
양파70g,501130
쌀50g,501131
무20g,501132
칵테일새우25g,501133
유기농밀가루50g,501134
건표고버섯10g,501135
육수,501136
들깨가루,501137
꿀,501138
8개),501139
푸실리,501140
다진청양고추2.5g,501141
수삼25g,501142
올리브유2g,501143
소금1g,501144
소금물,501145
들기름2g,501146
풋고추15g,501147
물200g,501148
오미자액15g,501149
전복살40g,501150
현미10g,501151
건로즈마리1g,501152
찹쌀70g,501153
다진양파15g빵가루30g,501154
당근40g,501155
현미쌀,501156
쥬키니호박,501157
녹말가루,501158
홍고추,501159
통깨,501160
아몬드,501161
흑미,501162
호박잎20g,501163
미숫가루10g,501164
애호박25g,501165
취나물20g,501166
달래10g,501167
쑥3g,501168
딸기30g,501169
양배추20g,501170
파,501171
펜네,501172
보리,501173
홍피망,501174
적채,501175
레몬,501176
마40g,501177
현미유4g고추장양념:고추장5g,501178
우유80g,501179
콩기름2g,501180
돌나물15g,501181
소금0.5g,501182
고사리20g,501183
다진쇠고기등심20g,501184
참나물20g,501185
우유100g뿌리채소조림:우엉60g,501186
아스파라거스60g,501187
파프리카100g,501188
올리브오일30g,501189
깻잎12장,501190
칵테일새우100g,501191
생크림20g,501192
로즈마리1g소:다진돼기고기100g,501193
건조다시마사방10cm1장,501194
자숙새우100g,501195
귀리밥200g,501196
두부120g,501197
마20g,501198
당근10g,501199
쇠고기4.5g,501200
마카다미아5g,501201
타피오카전분80g,501202
아몬드슬라이스5g,501203
강력분200g,501204
박력분90g,501205
이스트6g,501206
물250ml,501207
셀러리줄기,501208
미니단호박,501209
식초30g,501210
무15g,501211
현미30g,501212
바지락4g,501213
다시마2g,501214
가지30g,501215
인스턴트이스트5g,501216
날콩가루80g,501217
채썬양파,501218
마늘2g,501219
소금3g,501220
배20g,501221
묵은지20g,501222
박력분70g,501223
강력분250g,501224
견과류,501225
양파5g,501226
쪽파5g,501227
두부20g,501228
배3.0g,501229
냉동새우살,501230
닭다릿살,501231
사각라이스페이퍼,501232
양파7.5g,501233
쪽파0.2g,501234
포도15g,501235
건미역2g,501236
메추리알30g,501237
콜라비5g,501238
호두,501239
주키니호박,501240
홍피망24g,501241
식용유1g,501242
젖은찹쌀가루50g[소스소개]밑간양념:간장1g,501243
배12g,501244
양송이버섯45g,501245
쇠고기다진것50g,501246
양송이버섯20g,501247
토마토20g,501248
우민찌30g,501249
미나리1g,501250
생새우,501251
식용유8g,501252
물50g,501253
양상추18g,501254
대파5g,501255
생표고버섯16g,501256
쭈꾸미20g,501257
후춧가루0.1g,501258
모시조개15g,501259
밀가루4g[소스소개]저나트륨발사믹소스:간장1g,501260
양파13g,501261
소금0.1g,501262
마늘8g,501263
후춧가루0.3g,501264
실파30g,501265
소라살16g,501266
마60g,501267
찹쌀가루5g,501268
불린미역25g,501269
조갯살20g,501270
흰후춧가루0.01g,501271
당근17g,501272
당근9g,501273
케첩4g,501274
연근80g,501275
소고기20g,501276
부추5g,501277
아보카도작은것35g,501278
자몽주수100g,501279
식혜100g,501280
자두20g,501281
청피망15g,501282
파인애플35g,501283
새싹채소2.8g,501284
부추2g,501285
청피망다진것10g,501286
대추10g,501287
오렌지30g,501288
브로컬리다진것3g,501289
바질3g,501290
양송이버섯15g,501291
물92g,501292
양송이버섯10g,501293
물90g,501294
달걀삶은것20g,501295
느타리버섯10g,501296
미나리3g,501297
돈육,501298
식초15g,501299
샐러리다진것5g,501300
미나리10g,501301
청피망10g,501302
새우5g,501303
으깬두부35g,501304
사과30g,501305
마늘1g,501306
달걀흰자5g,501307
생강2g,501308
샐러리1cm정사각형7g,501309
고구마30g,501310
베이킹파우더1g,501311
밤5g,501312
새우살20g,501313
유부6g,501314
두부25g,501315
양파40g,501316
건표고버섯,501317
청경채20g,501318
바나나40g,501319
카스텔라20g,501320
백련초가루1g,501321
잔멸치20g,501322
포도주스60g,501323
찹쌀가루20g,501324
피자치즈20g,501325
잔새우살다진것20g,501326
키위20g,501327
홍피망5g,501328
마늘다진것2g,501329
이스트2g,501330
새송이버섯24g,501331
파5g,501332
새송이버섯40g,501333
오레가노마른것1g,501334
달걀흰자10g,501335
치자5g,501336
꿀5g,501337
할라피뇨3g,501338
마요네즈1g,501339
마늘다진것4g,501340
돼지고기6g,501341
마늘5g,501342
계란20g,501343
밀가루70g,501344
완두콩8g,501345
소금6g,501346
전분2g,501347
빵가루5g,501348
파4g,501349
완두콩5g,501350
영양부추3g,501351
생표고버섯15g,501352
치커리8g,501353
돼지고기다진것15g,501354
젖은찹쌀가루30g,501355
물전분10g,501356
소금적당량,501357
적양파15g,501358
로메인상추7.5g,501359
박력분30g,501360
샐러리5g,501361
꿀10g,501362
수삼30g,501363
쌀튀밥10g,501364
호두3g,501365
밀가루20g,501366
밥80g,501367
완두콩30g,501368
굵은소금적당량,501369
참마25g,501370
밀가루4g,501371
비트2.12g,501372
상추6g,501373
사과5g,501374
매생이15g,501375
톳5g,501376
매실장아찌15g,501377
자색고구마20g,501378
배추김치,501379
누룽지50,501380
물500,501381
오곡밥30,501382
누룽지가루7.5,501383
소금0.3,501384
잔멸치10,501385
마요네즈3g,501386
느타리벗서15g,501387
죽순20g,501388
로메인30g,501389
참깨3g,501390
양파다진것5g,501391
밥60g,501392
쇠고기등심30g,501393
올리브오일0.5g,501394
마요네즈2g,501395
적양파10,501396
파래,501397
올리브유4,501398
콩나물30,501399
멍게살50,501400
당근10,501401
모시조개15,501402
달래5,501403
곰피20g,501404
물25,501405
양파10양념:고춧가루1.25,501406
간장1.5g,501407
영양부추5,501408
물200,501409
거피녹두12.5,501410
생강0.5g,501411
전분5g,501412
청주2g,501413
꿀7g,501414
쇠고기안심30g,501415
마늘다진것3g,501416
무순10g,501417
애호박20g,501418
청경채50g,501419
깻잎6g,501420
대추20g,501421
양파15g,501422
잣2g,501423
물8g,501424
생강10g,501425
ghen10g,501426
청국장,501427
250g),501428
곤약미,501429
마늘2.1g,501430
강력분25g,501431
서리태20g,501432
쇠고기다진것15g,501433
현미찹쌀30g,501434
찹쌀가루30g,501435
표고버섯10g,501436
두부작은것40g,501437
서리태30g,501438
달걀11g,501439
60g),501440
현미밥,501441
쌀국수,501442
25g),501443
돼지호박갈은것20g,501444
달걀흰자20g,501445
찹쌀가루18g,501446
각종새싹20g,501447
래디쉬5g,501448
청피망30g,501449
두부14g,501450
밀가루50g,501451
검은깨1.25g,501452
컬리플라워20g,501453
사워크림15g,501454
간장2g,501455
고춧가루,501456
유자청,501457
제철과일,501458
아몬드가루,501459
새우살,501460
슈가파우더,501461
대추,501462
간장1.3g,501463
홍고추0.6g[소스소개저나트륨무침양념:두부30g,501464
등심얇게썬것20g,501465
돼지호박50g,501466
설탕20g,501467
닭육수70g,501468
카레가루0.4g,501469
표고버섯마른것10g,501470
녹말가루10g,501471
중력분,501472
코코넛슬라이스,501473
요거트,501474
생강가루,501475
20g),501476
시레기60g,501477
애호박17g,501478
판젤라틴5.3g,501479
무첨가두유,501480
70g),501481
미역5g,501482
양송이버섯5g,501483
팽이버섯10g,501484
가츠오부시10g,501485
대파20g,501486
튀김가루30g,501487
오징어14g,501488
양배추15g,501489
오징어15g,501490
알비트5g,501491
단호박14.5g,501492
라임,501493
홍초15g,501494
된장15g,501495
밀가루5.3g,501496
쪽파7g,501497
바지락살10g,501498
검정콩10g,501499
당면5g,501500
배5g,501501
시금치20g,501502
들깨가루20g,501503
방울토마토30g,501504
바나나50g,501505
소금5g,501506
소금8g,501507
강력밀가루150g,501508
물40ml,501509
바질,501510
유부5g,501511
가다랑어포,501512
참느타리버섯,501513
불린밥100g,501514
황태머리40g,501515
단호박10g,501516
가지12g,501517
사각어묵,501518
타바스코 약,501519
참기름 약,501520
케첩 1과,501521
국간장,501522
들기름 약,501523
냉동꽃게,501524
들기름,501525
스파게티면,501526
정수 물,501527
절단 불린 미역,501528
불린 미역,501529
냉이 약,501530
누룩,501531
초벌소깐양,501532
돼지등갈비,501533
모짜렐라 치즈,501534
식용유 1.,501535
냉동삼겹살 약,501536
정수물 1과,501537
양파 약,501538
칼국수면,501539
재래식 된장 약,501540
간 마늘 약,501541
감자 약,501542
황설탕 약,501543
물 3과,501544
무 약,501545
토마토소스 약,501546
건새우,501547
부침가루,501548
올리브유,501549
통조림햄,501550
황설탕 약 1과,501551
양배추 약,501552
신 김치,501553
탕수육고기,501554
파스타면,501555
꽈리고추 약,501556
물엿,501557
간 돼지고기 지방 약,501558
불린 당면,501559
양파 1참치캔 or,501560
물엿 약,501561
물 약16과,501562
국물용 멸치,501563
새우젓 약,501564
돼지 호박 약,501565
정수 물 2와,501566
흰우유 약2와,501567
파채 약1과,501568
돼지고기 후지,501569
탄산수,501570
빨강파프리카,501571
옥수수전분가루 약,501572
숙주 약 1과,501573
새우젓,501574
깨소금,501575
손질한 국멸치,501576
오트밀,501577
해물육교자,501578
통조림 햄 약,501579
장아찌소스,501580
식초 1과,501581
우목심,501582
꽃소금,501583
슬라이스 햄,501584
베이컨,501585
간돼지고기 1과,501586
신김치 1.,501587
감자전분,501588
물 1.,501589
훈연멸치,501590
밀가루떡,501591
튀김가루 1과,501592
목심다짐육 1과,501593
고등어 통조림,501594
MSG,501595
소양지,501596
굴소스,501597
육수용멸치 1과,501598
이리,501599
불린표고,501600
간 마늘,501601
양조식초,501602
김밥용 밥,501603
고운고춧가루,501604
중력분 1과,501605
간장,501606
체더슬라이스치즈,501607
소면삶는물,501608
런천미트,501609
청오이,501610
- 꼬막살,501611
스틱버터 80g /,501612
라면사리,501613
물 200ml /,501614
간장 30ml /,501615
짜장라면,501616
파프리카 각,501617
 가는소금,501618
 꿀,501619
 된장,501620
 베이컨,501621
 멸치액젓,501622
다진대파5g,501623
부추10g,501624
양상추70g,501625
아몬드2g,501626
다진양파10g,501627
새송이버섯15g,501628
적양파10g,501629
식초8g,501630
볶은흑임자6g,501631
숙주100g,501632
다시마17g,501633
돼지고기100g,501634
떡국떡10g,501635
참기름약간레몬마요네즈소스:마요네즈10g,501636
황파프리카10g,501637
무순20g,501638
건미역,501639
발사믹소스,501640
돈나물,501641
다진양파30g,501642
오이25g,501643
양파50g,501644
생강청50g,501645
마늘15g,501646
귀리밥50g,501647
대파100g,501648
마늘기름15g,501649
건새우25g,501650
베이컨25g,501651
브로콜리50g,501652
전분가루15g,501653
코코넛밀크,501654
녹말,501655
청피망,501656
무화과,501657
고수,501658
두부8g,501659
다진마늘1.25g,501660
두가지색파프리카,501661
케일,501662
흰후추1g,501663
파인애플통조림100g,501664
오이40g,501665
청고추20g,501666
청고추17g,501667
말린토마토15g,501668
미나리25g,501669
감자60g,501670
통후추,501671
무장아찌,501672
두릅,501673
생김,501674
낙지다리,501675
가지150g,501676
당근25g,501677
흰색)각25g씩,501678
통후추2g다진대파5g,501679
다진쇠고기25g,501680
느타리버섯20g,501681
건조미역10g찹쌀50g,501682
홍고추15g,501683
검정깨묵각각25g귀리밥150g,501684
밤40g,501685
시금치25g,501686
어린이치즈,501687
호박가루,501688
매실액,501689
동태포,501690
함초15g,501691
식용유200g,501692
볶은수수25g,501693
브로콜리40g,501694
당귀잎10g양파40g,501695
설탕30g,501696
후추1g곁들이샐러드:우엉25g,501697
올리브오일15g,501698
양상추30g,501699
화이트초콜릿,501700
피스타치오,501701
계피,501702
아욱,501703
요리술,501704
레드치커리10g,501705
케일15g,501706
홍파프리카50g,501707
식용유5g,501708
생크림10g,501709
빨강파프리카5g,501710
마른미역,501711
검은깨8g,501712
우유100ml,501713
마10g,501714
무35g,501715
배추김치30g,501716
매실원액15g,501717
석박지,501718
굵은면발라면,501719
허브소금1g소:다진쇠고기20g,501720
방울토마토4개,501721
대파40g,501722
레몬즙15g볶음양념:맛간장30g,501723
찹쌀50g,501724
닭육수250ml,501725
게맛살20g,501726
애호박30g,501727
흑임자2g,501728
매생이120g,501729
무5g,501730
식초20g,501731
쪽파10g,501732
홍고추5g,501733
쑥갓,501734
저염된장,501735
땅콩,501736
발사믹식초30g,501737
소라살45g,501738
귀리20g,501739
딸기20g,501740
적양배추50g,501741
알배추,501742
찹쌀15g,501743
꿀30g,501744
유기농아기치즈27g멥쌀60g,501745
미니파프리카30g,501746
곤드레나물,501747
노란파프리카10g,501748
까나리액젓3g,501749
밤10g,501750
오이6g,501751
플레인요거트30g,501752
호두10g,501753
빨강파프리카20g,501754
옥수수알10g,501755
홍합살20g,501756
김장김치20g,501757
우리밀가루10g,501758
견과류15g,501759
양파30g,501760
대파25g,501761
통생강20g,501762
올리브오일5g,501763
로즈마리1g,501764
카레가루15g,501765
치커리15g,501766
청고추15g,501767
쌈채,501768
어린잎,501769
다진홍고추2.5g,501770
건표고버섯8g,501771
후추0.25g-소스:수박15g,501772
물100g,501773
소금3g)-양념장:까나리액젓1.5g,501774
호두5g,501775
올리고당14g,501776
호상요구르트30g,501777
양송이버섯13g,501778
보리쌀10g,501779
로즈마리2g,501780
전분가루,501781
피클,501782
소주,501783
미역,501784
막걸리,501785
부추15g,501786
오징어20g,501787
배추김치20g,501788
양상추15g,501789
된장18g,501790
참다래30g,501791
조개살,501792
율무,501793
강황쌀,501794
황파프리카,501795
쑥,501796
달걀노른자20g,501797
양파껍질2g,501798
방울토마토60g,501799
후추0.25g,501800
느타리버섯5g,501801
파3g,501802
양파3g,501803
더덕60g,501804
양파100g,501805
통후추1g,501806
베이컨80g무100g,501807
달걀4개,501808
청양고추30g,501809
잎녹차5g,501810
소라살100g,501811
밀가루5g,501812
달걀2.4g,501813
비트가루15g,501814
캐슈넛10g•양념:무염버터10g,501815
그린치커리,501816
전립분40g,501817
강력분90g,501818
소금4g,501819
이스트8g,501820
레몬즙,501821
스트링치즈,501822
인스턴트드라이이스트3g,501823
설탕25g,501824
적파프리카,501825
깐들깨가루17g,501826
아삭이고추,501827
현미찹쌀5g,501828
조선무11.3g,501829
매실엑기스5g,501830
소금7g,501831
따뜻한우유140ml,501832
납작썬마늘,501833
양파20g,501834
드라이이스트12g,501835
탄산수50g,501836
콩나물40g,501837
이스트4g,501838
가자미,501839
로메인,501840
건두부,501841
브로콜리10g,501842
고춧가루8g,501843
대추슬라이스0.2g,501844
홍고추10g,501845
다진마늘1g,501846
풋고추5g,501847
감자15g,501848
고운고춧가루1g,501849
미니사과30g,501850
오이2g,501851
노란색각10g),501852
후춧가루0.03g<br/>조림장:간장3g,501853
물엿3g,501854
오이9g,501855
표고버섯15g,501856
육수50g,501857
포도주스50g,501858
떡40g,501859
청홍고추0.2g,501860
파프리카가루2g,501861
사워크림30g,501862
방울토마토18g,501863
양송이버섯9g,501864
생면80g,501865
굴25g,501866
올리브오일13g,501867
대파0.8g,501868
마늘다진것1g,501869
도라지1.3g,501870
파르메산치즈가루,501871
라이스페이퍼,501872
흰후춧가루0.1g,501873
생강5g,501874
청고추1g,501875
미역마른것3g,501876
밤15g,501877
패주16g,501878
표고버섯마른것3.5g,501879
식용유2g,501880
물오징어25g,501881
녹말가루2.4g,501882
시금치17g,501883
대파6g,501884
레몬20g,501885
단호박20g,501886
고춧가루5g,501887
게살냉동50g,501888
귤통조림20g,501889
설탕시럽20g,501890
체리40g,501891
가지10g,501892
물40g,501893
알토란30g,501894
깐대파3.5g,501895
건고추,501896
노랑각¼개),501897
깐밤5g,501898
레몬5g,501899
당근다진것3g,501900
홍피망다진것10g,501901
참치살10g,501902
배25g,501903
슬라이스햄5g,501904
넉맥약간,501905
발사믹크림5g,501906
홍고추1g,501907
삼계탕티백,501908
베이컨13g,501909
홍피망10g,501910
바지락3g,501911
목이버섯5g,501912
검은깨5g,501913
바나나20g,501914
전분4g,501915
생크림3g,501916
당근1cm정사각형7g,501917
찐어묵5g,501918
당근7g,501919
전분5g양념마늘다진것2g,501920
새싹채소5g,501921
불린쌀,501922
토르티야,501923
케첩10g,501924
생밤10g,501925
우유5g,501926
밀가루박력분10g,501927
통깨5g,501928
배10g,501929
계피가루2g,501930
물35g,501931
오렌지20g,501932
팽이버섯5g,501933
빵가루10g,501934
따뜻한물20g,501935
미나리18g,501936
식초2g,501937
적양배추,501938
돼지고기20g,501939
바질마른것1g,501940
실파5g,501941
플레인요거트18g,501942
쇠고기갈은것10g,501943
디존머스타드1g,501944
생강다진것1g,501945
후추2g,501946
깻잎2.5g,501947
수수4g,501948
생이스트10g,501949
차이브2g,501950
토마토소스10g,501951
당근다진것5g,501952
청고추다진것3g,501953
청피망25g,501954
팽이버섯15g,501955
배15g,501956
가루녹차2g,501957
비트40g,501958
후추적당량,501959
양파12.5g,501960
미숫가루150g,501961
마요네즈4g,501962
설탕15g,501963
꿀20g,501964
쑥가루5g,501965
메닐튀밥10g,501966
대추3g,501967
우유30g,501968
당근다진것20g,501969
물5g,501970
홍고추3g,501971
레몬주스10g,501972
달걀12g,501973
청고추5g,501974
시금치2.12g,501975
배추7g,501976
당근2g,501977
굴30g,501978
소금0.2g,501979
양파20,501980
다시마국물,501981
깍두기5,501982
된장2,501983
데친취나물10,501984
콩기름4,501985
흰후추0.02,501986
맛술2.5,501987
오이피클10g,501988
워터크레스2g,501989
통아몬드4g,501990
할라피뇨다진것2g,501991
상추5g,501992
간장3g,501993
삶은달걀15g,501994
오릴브오일2g,501995
비트10드레싱:발사믹식초5,501996
김1.3,501997
떡볶이떡80,501998
삶은죽순40,501999
부추10,502000
참나물10,502001
쑥20,502002
올리브유5양념장:간장4,502003
바지락100,502004
깨소금1,502005
적양파8양념:까나리액젓2.5,502006
건오징어5양념:밀가루1.25,502007
고추장2g,502008
땅콩1g,502009
전분3g,502010
참께4g,502011
물전분6g,502012
앤쵸비3g,502013
토마토25g,502014
참기름2g,502015
낙지다리6g,502016
은행35g,502017
마늘10g,502018
키위30g,502019
수박180g,502020
꿀6g,502021
잣5g,502022
요거트200g,502023
가래떡,502024
새우살70g,502025
조랭이떡100g,502026
후춧가루0.01g,502027
찹쌀10g,502028
체리20g,502029
두유40g,502030
셀러리3g,502031
에벤탈치즈20g,502032
삼색파프리카,502033
전분,502034
그린커리페이스트,502035
셀러리다진것10g,502036
밀가루8g,502037
카스텔라18g,502038
주황파프리카20g,502039
무순2g,502040
오이10g[소스소개단촛물:물60g,502041
죽순통조림6g,502042
양배추5g,502043
마늘1.4g,502044
찹쌀가루8.75g,502045
돼지호박10g,502046
물2g,502047
복숭아,502048
곶감,502049
보릿가루,502050
녹말5g,502051
설탕2g,502052
된장3.5g,502053
실파20g,502054
토마토30g,502055
쇠고기20g,502056
식용유10g,502057
옥수수가루,502058
키위,502059
마스카포네치즈,502060
휘핑크림,502061
청고추2g,502062
양송이33g,502063
설탕32g,502064
두유,502065
레드와인,502066
타가토스,502067
고구마칩,502068
저염간장5g,502069
다시마10g,502070
칵테일새우14g,502071
천일염0.1g,502072
무가당휘핑크림25g,502073
새우15g,502074
시금치5g,502075
브로콜리1.6g,502076
적파프리카10g,502077
간장0.1g,502078
부침가루5.3g,502079
홍고추6g,502080
부침가루5g,502081
계란75g,502082
다진마늘3g,502083
드라이이스트6g,502084
코코아30g,502085
인스턴트드라이이스트8g,502086
블루베리발효원종550g,502087
미향,502088
물150ml,502089
청포도,502090
고추장10g,502091
오이7g,502092
물15ml,502093
무가당코코아파우더,502094
맛살,502095
재래식된장 약,502096
올리브오일 약,502097
멸치액젓,502098
고형 카레,502099
홍합살 약,502100
빵가루 약,502101
간 깨 약,502102
참기름 약 2와,502103
데친 전복,502104
마라소스 약 1과,502105
땅콩버터 약,502106
굵은 고춧가루 3과,502107
셀러리 약,502108
재래식된장,502109
양조 식초 3과,502110
굵은 고춧가루,502111
식초 약 2와,502112
식초 4와,502113
소고기 불고기용 약,502114
갈아만든 배 약,502115
신 김치 약,502116
튀김가루 약,502117
콩나물 약1과,502118
건 고추 약,502119
깻잎 약,502120
대파 약 2와,502121
꽃소금 1과,502122
황설탕 4와,502123
사이다,502124
당근 약,502125
물 1과,502126
재래식 된장,502127
다시마 육수 약,502128
슬라이스치즈,502129
물 2와,502130
케첩,502131
만능짜장소스,502132
스틱버터,502133
설탕 1과,502134
케찹,502135
모차렐라치즈,502136
황설탕1과,502137
물 1컵과,502138
습식쌀가루,502139
떡국 떡,502140
절단다시마,502141
간,502142
초콜릿,502143
레몬쥬스,502144
후추,502145
건 목이버섯,502146
다진 마늘,502147
2. 통조림 꼬막,502148
식빵 4장 /,502149
소금 3g /,502150
설탕 15g /,502151
물 600ml / 종이컵,502152
당근 1.,502153
돼지호박,502154
 달걀,502155
 고추가루,502156
 바질,502157
 버섯가루,502158
 양파,502159
 매실청,502160
 소금,502161
생크림13g,502162
다진마늘2g,502163
멸치액젓3g,502164
저염된장10g,502165
표고버섯기둥,502166
다진오이피클10g,502167
강낭콩5g,502168
아몬드4g,502169
호두6g,502170
표고버섯20g,502171
파140g,502172
김치140g,502173
스팸,502174
레몬즙20g,502175
청파프리카10g,502176
배추200g,502177
저염살라미25g,502178
다진홍고추10g,502179
해초,502180
다진마늘20g,502181
달걀1개,502182
강낭콩20g당근20g,502183
마늘30g,502184
양파50g화이트와인25g,502185
통깨1g,502186
후추1g,502187
백일송이25g다진마늘15g,502188
팽이버섯20g,502189
계피가루,502190
통마늘15g,502191
새우가루,502192
저염베이컨,502193
적겨자,502194
당근20g,502195
화이트와인15g,502196
청고추15g소스:일본된장30g,502197
밤60g소스:유자청25g,502198
흰후추2g소:우엉30g,502199
홍고추20g소스:맛간장30g,502200
양파560g청고추17g,502201
홍고추17g,502202
튀김기름,502203
더덕,502204
새싹,502205
맥주400g,502206
새송이버섯20g함초30g,502207
쪽파20g,502208
물300g,502209
청홍고추각각15g노란파프리카30g,502210
참기름15g비빔장:두부50g,502211
흑임자3g,502212
양파60g함초30g,502213
계란55g,502214
대추18g,502215
당근30g소스:레드와인200cc.망고50g,502216
잣,502217
죽순,502218
크렌베리10g다진양파15g,502219
무100g,502220
혼합견과50g,502221
비트2g국물:절임물100g,502222
청양고추10g,502223
노란파프리카25g,502224
한천20g,502225
인삼20g,502226
표고버섯12g,502227
올리고당,502228
소라,502229
날치알,502230
까나리액젓,502231
아몬드10g,502232
식용꽃,502233
방울토마토40g,502234
요리당15g,502235
황파프리카50g,502236
청국장가루5g,502237
청양고추5g,502238
카놀라유3g,502239
단배추,502240
검은콩두부,502241
미니양배추,502242
마른표고버섯,502243
두유150g,502244
애호박15g,502245
달걀200g,502246
청경채25g,502247
젤라틴20g소스:망고20g,502248
삶은닭가슴살,502249
요거트15g,502250
2가지색미니파프리카40g,502251
다진생강3g,502252
청피망50g,502253
우유150ml녹차가루10g,502254
감자1개,502255
청경채60g무조림:무150g,502256
닭육수300g양념장:영양부추10g,502257
홍합120g육수:다시마20g,502258
달래,502259
파슬리가루,502260
오렌지주스,502261
흰후추1g청국장리조뜨:밥150g,502262
통깨2g,502263
블루베리20g저지방우유50g,502264
알배추30g,502265
생크림50g,502266
피망25g,502267
단호박50g밤30g,502268
청주15g,502269
콜리플라워30g브로콜리100g,502270
수수,502271
굵은소금,502272
흰살생선,502273
만송이버섯,502274
고춧가루1.7g,502275
대추6g,502276
다진호두10g,502277
노랑파프리카20g-치킨양념소스:토마토케첩8g,502278
완두콩알5g,502279
현미유5g,502280
요거트30g,502281
생강청15g소스:씨겨자15g,502282
건조미역줄기10g맛장:일본된장15g,502283
혼합견과류25g소스:맛간장15g,502284
덧밀가루,502285
겨자가루,502286
파슬리,502287
치킨육수,502288
다진실파2.5g,502289
건표고버섯불릴물150g,502290
국간장1.5g,502291
꿀3g,502292
물100g-양념:거피들깨가루6g,502293
포도씨유4g,502294
우무묵20g,502295
깐호두5g,502296
근대50g,502297
올리브유15g곁들이채소1:백일송이30g,502298
청주,502299
다시마사방10x10cm건조자른미역3g,502300
밀가루15g식용유200g,502301
청고추,502302
달걀15g,502303
부추20g,502304
홍피망2g,502305
호두2g,502306
다진마늘2.5g,502307
가자미살20g,502308
된장6g,502309
은행,502310
홀토마토,502311
대파2.5g다진마늘1.25g,502312
꿀2.5g,502313
올리브유1.5g,502314
들깨가루5g,502315
대파2.5g,502316
레몬20g양파60g,502317
생강20g,502318
다진마늘15g푸실리50g,502319
토마토페이스트200g,502320
숙주120g,502321
바질5g,502322
흰추후1g,502323
브로콜리15g,502324
방울토마토80g단호박100g,502325
브로콜리30g마늘15g,502326
애호박25g감자60g,502327
플레인요거트20g,502328
당근3.3g,502329
아몬드5g,502330
물140g,502331
소금0.3g,502332
라디치오,502333
소금15g,502334
미숫가루70g,502335
버터10g,502336
호밀가루50g,502337
과일,502338
발사믹식초,502339
들깻가루,502340
사과종45ml,502341
레몬8g,502342
건다시마1g,502343
시판크루통,502344
빨강각1개),502345
깐양파5g,502346
새뱅이30g,502347
채소육수,502348
버터36g,502349
양고기,502350
사이다50g,502351
물100ml,502352
호박20g,502353
슈레드모차렐라치즈,502354
그린빈스10g,502355
액젓15g,502356
깐밤1.1g,502357
주황,502358
방아잎,502359
달걀노른자,502360
파프리카20g,502361
참기름1g,502362
익힌전복내장,502363
대파10g,502364
파프리카3.2g,502365
굵은고춧가루1g,502366
불린함초,502367
로즈메리,502368
파인애플15g,502369
디포리2g,502370
노랑파프리카24g,502371
잣가루0.5g,502372
애느타리버섯10g,502373
녹말가루3g[소스소개]쇠고기양념:파다진것1g,502374
토마토80g,502375
문어3g,502376
감자4g,502377
대파3g,502378
키엔페퍼1g,502379
실파다진것4g[소스소개]양념재료:파프리카가루3g,502380
브로컬리20g[소스소개]저나트륨과일드레싱:파인애플통조림40g,502381
생강1.5g,502382
애느타리버섯12g,502383
식용유12g,502384
패주5g,502385
발사믹식초6g,502386
실파2g,502387
사과2.2g,502388
노랑각½개),502389
청주3g,502390
통깨1.3g[소스소개]양념간장:물30g,502391
녹말가루8g,502392
쌈다시마0.5g,502393
미나리15g,502394
소금0.2[소스소개]마늘올리브유소스:마늘0.2g,502395
오징어6g,502396
땅콩13g[소스소개]고추장소스:고추장2g,502397
꽈리고추4.2g[소스소개]저나트륨양념장:고추장2.5g,502398
당근5g[소스소개]조림장:간장1g,502399
오이3.8g,502400
달걀19g,502401
상추7g[소스소개]저나트륨된장소스:된장1.6g,502402
녹말가루3g,502403
마요네즈15g,502404
매실청3g,502405
할라피뇨,502406
파인애플통조림5g,502407
민트0.1g,502408
산딸기20g,502409
애호박18g,502410
김치8g,502411
대파15g,502412
파인애플1.5g,502413
노랑,502414
청고추다진것2g,502415
찹쌀가루10g,502416
생강다진것5g,502417
탄산수30g,502418
바질다진것1g,502419
옥수수가루플렌타가루15g,502420
닭육수180g,502421
슬라이스치즈5g,502422
닭육수30g,502423
올리브유5g,502424
고춧가루0.8g,502425
완두콩80g,502426
닭가슴살15g,502427
도미살5g,502428
닭고기15g,502429
당면불린것10g,502430
건목이버섯5g,502431
건표고버섯3g,502432
멸치육수50g,502433
아몬드슬라이스1g,502434
저염된장4g,502435
청피망5g,502436
불린곤약쌀,502437
파다진것5g,502438
대추5g,502439
베이킹파우더2g,502440
한천2g,502441
설탕10g,502442
아이스크림30g,502443
레몬즙4g,502444
물20g,502445
청피망8g,502446
숙주15g,502447
버터1g,502448
후추0.3g,502449
들깨가루15g,502450
잣가루1g<br/>[떡갈비양념]간장5g,502451
올리브오일1g,502452
물밤다진것15g,502453
토마토콩카세10g,502454
레몬주스2g,502455
물10g,502456
청고추다진것1g,502457
레드와인식초2g,502458
마요네즈10g,502459
옥수수전분10g,502460
계란32.5g후추0.1g,502461
율무10g,502462
물375ml,502463
오렌지주스10g,502464
바질1g,502465
설탕8g,502466
낫토15g,502467
홍고추다진것3g,502468
새송이벗서15g,502469
포도주스10g,502470
고추기름2g,502471
백년초가루2g,502472
고구마40g,502473
샐러리채친것3g,502474
풋고추3g,502475
유자청7.5g,502476
무순,502477
레몬주스1g,502478
물전분4g,502479
물엿6g,502480
통깨5g[시럽]물엿3g,502481
참기름적당량,502482
육수10g,502483
생강다진것2g,502484
건포도5g,502485
빵가루4.5g,502486
식용꽃5g,502487
카레가루1.52g,502488
계란10g,502489
양파2g,502490
다진생강1g,502491
현미유3g,502492
생표고버섯40,502493
물450),502494
새우젓2.5,502495
대파10,502496
간장3,502497
다진홍고추2,502498
찹쌀가루12,502499
올리브유2,502500
홍피망15g,502501
땅콩4g,502502
캔참치5g[밑간]후추약간,502503
카레가루2g,502504
양상추8g,502505
올리고당3,502506
양파7,502507
올리고당20,502508
녹차우린물90양념장:간장4,502509
무순5,502510
애호박10,502511
설탕3,502512
올리브유4소스:오미자액기스1g,502513
소금0.25,502514
다진파2.25g,502515
고춧가루0.6,502516
물20,502517
다진호두2,502518
물엿2g,502519
튀김기름5g[고등어밑양념]생강즙1g,502520
오트밀4g,502521
청고추3g,502522
가지15g,502523
올리고당10g,502524
참기름3g두릎8g,502525
갈비50g),502526
마른홍고추1g,502527
느타리버섯7g,502528
팥5g,502529
깨소금3g,502530
식용유30g,502531
현미휴,502532
게살17.5g,502533
물12g,502534
들깨18g,502535
다시마국물150g,502536
옥수수,502537
노랑파프리카20g,502538
식초1.5g,502539
홍고추1.4g,502540
오이5g,502541
풋고추10.5g[소스소개]저나트륨조림소스:간장2.4g,502542
튀김가루10g,502543
파슬리다진것약간[소스소개]비트양념:식초15g,502544
매실농축액5g,502545
와사비,502546
검은깨,502547
녹차가루,502548
샐러리20g>[소스소개]저나트륨내채소스:대추1g,502549
참기름2.5g,502550
마늘1.5g,502551
말린홍고추,502552
비타민5g,502553
검은깨2g,502554
큐민파우더1g,502555
마늘쫑5g,502556
밀가루1.6g,502557
애호박20g[소스소개]쇠고기양념:설탕1.4g,502558
스테비아,502559
홍고추2g,502560
가지17g,502561
물15g,502562
단호박가루,502563
건포도,502564
민트잎,502565
빵가루25g,502566
쑥갓1g,502567
감자전분15g,502568
참깨0.1g,502569
무염버터10g,502570
토마토15g,502571
대파1g,502572
주꾸미25g,502573
우유4ml,502574
애플민트,502575
녹차,502576
설탕1.5g,502577
두부5g,502578
홍고추0.25g,502579
튀김가루5g,502580
골파15g,502581
우유20g,502582
참깨1g,502583
버터25g,502584
버터38g,502585
사과종30ml,502586
게맛살,502587
젤라틴,502588
불린곤드레나물,502589
밀가루100g,502590
오이15g,502591
표고버섯24g,502592
르뱅발효종160g,502593
다크초콜릿,502594
고운고추가루 1과,502595
굵은고추가루 약,502596
굵은고추가루 2와,502597
재래식된장 가득,502598
효모,502599
떡볶이떡 약,502600
부추 약,502601
고구마 약,502602
다진 돼지고기 약,502603
유부채 약,502604
북어채,502605
통깨 약 2와,502606
황설탕 1과,502607
진간장 약 1과,502608
간 마늘 약 1과,502609
굵은 고춧가루 1과,502610
스파게티 면,502611
굵은 고춧가루 약,502612
치킨무,502613
체다치즈슬라이스,502614
고추장 약 1과,502615
불린당면,502616
부침가루 약,502617
면수 약,502618
청양고추 1/2참치캔 or,502619
고운 고춧가루,502620
환만식초 4와,502621
삶은 닭,502622
양조식초 약,502623
베트남 고추,502624
간마늘 1과,502625
춘장,502626
새송이,502627
깍두기,502628
부침가루 1과,502629
육수용멸치,502630
달걀물,502631
계핏가루,502632
만두,502633
편육,502634
멸치가루,502635
황설탕 2.,502636
노두유,502637
알,502638
양파 1.,502639
달걀지단,502640
소금 1작은술,502641
모짜렐라 치즈 20g /,502642
맛술 15ml /,502643
고추장 5g /,502644
 생크림,502645
 다진마늘,502646
 레몬즙,502647
 멸치가루,502648
 간마늘,502649
 식초,502650
고춧가루2g,502651
국간장5g,502652
식초5g,502653
블루베리15g,502654
크랜베리3g,502655
발사믹크레마15g,502656
건포도5알,502657
해바라기씨4g,502658
양파150g,502659
된장20g,502660
다진마늘5g,502661
황금팽이버섯10g,502662
레몬즙60g,502663
레디쉬,502664
먹물파스타25g,502665
홍고추15g양념장:다진마늘15g,502666
탄산수200g,502667
건바질2g감자60g,502668
미니파프리카20g,502669
꽈리고추50g,502670
홀토마토100g,502671
버터10g소스:맛간장30g,502672
저염된장30g,502673
다진양파25g,502674
볶은현미25g버섯마늘소금2g,502675
어간장,502676
백년초국수,502677
-소스:생강,502678
참기름0.5g,502679
저염버터,502680
3장)바질가루,502681
채썬돼지고기,502682
얇게썬생강,502683
비타민,502684
계란60g다진마늘15g,502685
함초소금2g국물:매실청30g,502686
마늘오일15g,502687
다진마늘10g,502688
청고추15g노란파프리카20g,502689
강황가루2g,502690
인삼15g,502691
2가지색미니파프리카70g소스:유자청30g,502692
청양고추30g미나리25g,502693
연유,502694
누룽지,502695
조,502696
홍초,502697
귤병,502698
생치즈,502699
백김치50g백김치무침양념:참기름15g,502700
참기름15g,502701
청고추15g홍고추15g,502702
콩나물30g국물:닭가슴살70g,502703
크린베리10g양념장:맛간장15g,502704
딸기잼30g,502705
새싹채소,502706
붉은피망,502707
파마산치즈15g,502708
카레가루20g감자50g,502709
흑임자10g소스:올리고당25g,502710
생강청30g,502711
생크림25g,502712
알배추20g소스:저염간장15g,502713
볶은소금1g샐러드:마요네즈30g,502714
메추리알,502715
샐러리,502716
치즈,502717
땅콩10g,502718
주황파프리카10g,502719
고추장5g,502720
청파프리카50g,502721
마요네즈20g,502722
후추약간곁들임새싹채소20g,502723
빨강파프리카10g,502724
얼갈이배추,502725
적양파,502726
송송썬청양고추,502727
물50ml,502728
달걀100g,502729
베이컨30g,502730
슬라이스연어30g,502731
우유45g,502732
영양부추50g소스:잣5g,502733
청피망40g,502734
다진양파15g,502735
아몬드슬라이스20g,502736
천연조미료5g,502737
다진청고추15g,502738
양파50g청고추15g,502739
후추약간불고기양념:간장3g,502740
멸치60g,502741
다진견과류,502742
말린자두,502743
홍고추18g팽이버섯20g,502744
청국장가루15g,502745
볶은소금1g고명:애호박50g,502746
대파15g청고추15g,502747
볶은현미20g,502748
함초소금1g고명:바케트20g청양고추버터:청양고추1개,502749
파프리카25g,502750
녹차소금1g,502751
양송이30g,502752
참기름5g,502753
마늘튀김15g소스:홀그레인머스터드15g,502754
라임주스,502755
물30g,502756
깨소금1g,502757
곶감10g,502758
올리고당7g,502759
물70g,502760
다진양파8g,502761
조청3g,502762
체리10g해독주스:바나나50g,502763
홍고추15g양념:바나나40g,502764
감자40g방울토마토100g,502765
루콜라3g,502766
노란색파프리카25g,502767
식초10g국물:비트20g,502768
느타리,502769
통계피,502770
머스터드,502771
국간장3g,502772
물400g,502773
단호박25g,502774
홍고추18g,502775
오이피클,502776
고추장15g,502777
다진파2.5g,502778
적채5g,502779
현미유1g,502780
생강즙1.25g,502781
크래커15g,502782
8g,502783
칠리소스,502784
팥,502785
현미유5g간장양념장:간장3g,502786
일식된장미소3g,502787
국멸치3g,502788
통마늘3g,502789
땅콩3g,502790
호두40g소스:망고150g,502791
치즈가루25g,502792
애호박200g치즈가루10g,502793
와인15g곁들이채소:방울토마토45g,502794
청경재80g,502795
레몬즙15g소스:잣바질페이소스15g,502796
시금치50g방울토마토6개,502797
간편어간장15g국물:오렌지주스50g,502798
호두10g귀리20g,502799
대파50g,502800
베이비채소1g,502801
건대추1g,502802
표고버섯3.2g,502803
캐슈넛2g,502804
드라이이스트5g,502805
베이킹파우더10g,502806
물170ml,502807
검은콩가루24g,502808
라임즙,502809
두부면,502810
물120ml,502811
사과식초,502812
숙주5g,502813
새송이버섯20g,502814
애호박9.2g,502815
우유250g,502816
달걀2개,502817
식용유6g,502818
양송이버섯50g,502819
탈리아텔레,502820
우엉10g,502821
라임청,502822
계란80g,502823
마늘3g,502824
후추1.1g,502825
당근1.0g,502826
노랑각각10g),502827
파르메산치즈,502828
국간장2g,502829
다진건새우,502830
버섯가루,502831
다시멸치5g,502832
으깬두부,502833
전분80g,502834
구기자5g,502835
실파1g,502836
훈제오리,502837
크래미,502838
양송이버섯9g[소스소개]소스:양파다진것6g,502839
꿀1g,502840
식용유0.5g[소스소개]고기재움장:포도주2.5g,502841
파슬리다진것3g,502842
설탕3g,502843
다릿살각200g),502844
양파가루1g,502845
머스터드씨드2.5g,502846
통후추0.5g,502847
흰목이버섯0.4g,502848
화이트와인50g,502849
오징어10g,502850
꿀4g,502851
미나리13g,502852
김0.3g,502853
배2.2g,502854
노랑각⅓개),502855
생강즙3g,502856
식용유2g[소스소개]저나트륨고추장소스:토마토케첩2g,502857
토마토케첩4g,502858
당근10g[소스소개]고추장1g,502859
올리브유7g,502860
간장0.5g,502861
간장0.8g,502862
청주1g,502863
래디쉬15g,502864
표고버섯마른것7g,502865
양파1.3g,502866
밀가루6g,502867
플레인요거트15g,502868
훈제닭가슴살,502869
스리라차,502870
민트0.25g[소스소개]고추냉이드레싱:고추냉이갠것6g,502871
체리15g,502872
블루베리10g,502873
양송이버섯8g,502874
사과작은것95g,502875
배1.5g,502876
청색)각7g,502877
잡곡밥,502878
대구살35g,502879
레몬껍질2g,502880
달걀6g,502881
파마산치즈10g,502882
햄다진것10g,502883
파슬리다진것2g,502884
마른미역5g,502885
물전분2g,502886
올리고당5g,502887
올리고당0.5g,502888
육수120g,502889
양파채썬것15g,502890
슬라이스햄3g,502891
닭육수10g,502892
플레인요구르트30g,502893
생강1g,502894
꿀2g,502895
산마10g,502896
은행5g,502897
유자청6g,502898
물45g,502899
소금적당량[소재료]김치20g,502900
홍피망8g,502901
무순3g,502902
레몬주스3g,502903
다시마가루,502904
배즙5g,502905
흰살생선100g[흰살생선양념]달걀흰자15g,502906
사과8g,502907
양상추10g,502908
식빵35g,502909
새우다진것25g,502910
황설탕2g,502911
플레인요거트5g,502912
식용유500g,502913
병아리콩20g,502914
파인소프트T300g,502915
굴소스2g,502916
파슬리1g,502917
시래기불린것10g,502918
레드어니언10g,502919
새우살다진것10g,502920
닭고기35g,502921
우엉15g,502922
훈제오리가슴살30g,502923
설탕1g,502924
꿀8g,502925
당근채친것3g,502926
할라피뇨피클,502927
식초1g,502928
호박씨5g,502929
식혜110g,502930
설탕6g,502931
소금적당량[팥소]팥15g,502932
잔멸치5g,502933
설탕7g,502934
닭가슴살12g,502935
슬라이스아몬드5g,502936
바질0.5g,502937
타임5g,502938
건새우0.3g,502939
파프리카1g,502940
손질된흰살생선,502941
마늘1g고추장10g,502942
물17g황설탕7g,502943
방울토마토200,502944
계란5,502945
생강3,502946
다진마늘2.5,502947
다진실파2양념장:간장3,502948
새송이버섯40,502949
건홍고추1,502950
치즈슬라이스20g,502951
방울토마토10g,502952
호박씨4g,502953
아보카도12g,502954
땅콩버터3g,502955
아몬드3g,502956
닭가슴살13g,502957
당근12g,502958
올리브유1,502959
유자청15,502960
간장1.5,502961
고춧가루0.5,502962
김0.5,502963
표고버섯20,502964
된장9,502965
다진양파15,502966
고추장6g,502967
마늘5,502968
다진파1.25,502969
소금0.5,502970
진달래꽃2.5,502971
통깨0.5g,502972
양파8g,502973
올리브유4g,502974
밥밑간참기름,502975
아스파라거스15g,502976
올리브유15g,502977
감자5g,502978
카스텔라가루10g,502979
계피가루1g,502980
꼬치용꼬치6개레몬들깨소스:들깨가루45g,502981
식용유4.2g,502982
들기름4g,502983
근대20g,502984
대추7.5g,502985
설탕기호에따라,502986
청포도35g,502987
청피망4.5g,502988
달걀22g,502989
현미튀밥,502990
중력분32g,502991
건포도2g,502992
쑥갓5g,502993
표고버섯7g,502994
청주1.1g,502995
식용유3g[소스소개]저나트륨간장소스:간장1g,502996
새송이버섯10g,502997
고춧가루1g,502998
실파,502999
블루베리,503000
베이킹파우더,503001
팥앙금,503002
유자청10g,503003
홍고추1g[소스소개]피클소스:물35g,503004
깨2g,503005
파슬리말린것1g,503006
파프리카5g[소스소개]저나트륨조림소스:간장3.4g,503007
식용유4g,503008
참기름1g<br/>저나트륨겨자간장소스:간장2g,503009
카스테라,503010
모짜렐라치즈,503011
푸룬,503012
새우살13g,503013
파프리카17g,503014
생크림30g,503015
생수,503016
석류,503017
얼음,503018
건블루베리,503019
피클링스파이스,503020
청양고추3g,503021
미림5g,503022
계란노른자25g,503023
부침가루10g,503024
참기름0.1g,503025
우유15g,503026
청피망20g,503027
간장0.2g,503028
적파프리카5g,503029
생크림2.6g,503030
1개),503031
풋고추0.25g,503032
빨간파프리카5g,503033
통깨3g,503034
애플민트1g,503035
생이스트8g,503036
물220ml,503037
멸치5g,503038
한천가루,503039
무가당두유,503040
고운고추가루,503041
국간장 약,503042
명란젓 약,503043
참치캔,503044
차돌박이,503045
꽃소금 약,503046
멸치액젓 약 1과,503047
달걀물 약,503048
굴소스 약 1과,503049
굴소스 약,503050
밑간 한 밥,503051
콩나물 약 1과,503052
물 약 3과,503053
딸기잼,503054
봉어묵,503055
슬라이스 체다치즈,503056
청피망 약,503057
진간장 2와,503058
맛술 약,503059
올리브유 약,503060
양송이 버섯,503061
청양고추 약,503062
스프라이트,503063
물 약5와,503064
뉴슈가,503065
대파흰부분 약,503066
양조식초 약2와,503067
분말스프,503068
통깨 약1과,503069
황설탕 1.,503070
김치국물,503071
간생강,503072
밤소스,503073
깐마늘,503074
소 양지,503075
조선간장국간장,503076
멸치다시다,503077
우엉조림,503078
시나몬 가루,503079
대파 8,503080
큐민가루,503081
3. 통조림 골뱅이,503082
달걀 2개 /,503083
물 60ml /,503084
마요네즈 3.,503085
 박력분,503086
 다진 대파,503087
 새우가루,503088
 식용유,503089
 건 로즈마리,503090
무염버터5g,503091
요리당2g,503092
매실액2g,503093
된장5g,503094
식초약간,503095
치커리약간시금치우유소스:시금치10g,503096
빨강파프리카3g,503097
호두1/2알,503098
호두4g,503099
무250g,503100
사과80g,503101
발사믹식초60g,503102
치즈25g파슬리가루1g,503103
고춧가루15g,503104
레몬25g,503105
피망20g,503106
양파45g양념장:맛간장30g,503107
버터20g,503108
생강청25g,503109
통후추2g대파20g,503110
다진대파25g,503111
달걀60g떡갈비:다진소고기50g,503112
생강청,503113
뽕잎국수,503114
쌈장,503115
당근8g,503116
국멸치5g,503117
80g),503118
고추기름,503119
20g)레드와인,503120
생강청15g,503121
전분15g소스:고추장15g,503122
다진대파10g,503123
빨간파프리카20g,503124
함초소금1g양념:간편어간장15g,503125
미나리20g양념장:저염간장15g,503126
감식초15g,503127
백일송이버섯25g,503128
루꼴라,503129
샐러리10g,503130
배추30g,503131
당근25g생들기름30g,503132
대추4g,503133
다진청고추5g,503134
노란색파프리카25g소스:마늘기름15g,503135
당근10g쌀100g,503136
참기름10g,503137
볶은소금0.5g,503138
매실청,503139
달걀흰자,503140
홍고추15g쪽파10g,503141
양파25g청고추15g,503142
우유200g버터15g,503143
유자청30g,503144
팽이15g,503145
애호박25g양념장:다진쇠고기30g,503146
양파60g소스:올리브오일30g,503147
헤이즐넛,503148
말린매생이,503149
오레가노,503150
무순약간마늘드레싱:사과식초30g,503151
석류원액,503152
사과즙300g,503153
미나리30g소스:고추장5g,503154
저염국간장,503155
레몬즙10g,503156
마른새우,503157
송송썬붉은고추,503158
버터8g,503159
고사리15g,503160
소시지30g,503161
크림치즈5g,503162
다진땅콩,503163
더덕45g,503164
양송이40g,503165
버터10g소스:다진양파10g,503166
물200g브로콜리50g,503167
다진홍고추15g,503168
올리고당3g,503169
보리된장15g,503170
식초10g,503171
다시마육수,503172
바나나식초,503173
야채육수200g,503174
바나나50g고명:브로콜리15g,503175
양파70g두부크루통:두부60g,503176
버터15g,503177
시금치50g소스:잣20g,503178
멸치육수150g,503179
볶은소금1g,503180
소금0.25g,503181
실파0.5g,503182
계피가루0.25g,503183
마요네즈12g,503184
물120g간장2g,503185
브로콜리25g,503186
배40g,503187
간편어간장15g양념장:고추장15g,503188
청고추20g홍고추15g,503189
매실청15g,503190
홍고추15g소스:마늘기름30g,503191
단호박25g찹쌀50g,503192
마늘기름30g소스:발사믹식초30g,503193
방울토마토40g소스:요거트50g,503194
함초소금5g,503195
요구르트,503196
레몬제스트,503197
가쓰오부시,503198
국간장3g-국물:다시마국물100g,503199
풋고추10g,503200
간맞출때0.5g),503201
건다시마5g,503202
국멸치2g,503203
생강15g양념장:맛간장25g,503204
양파60g곁들이채소2:2가지색미니파프리카30g,503205
검정깨5g,503206
알마늘12g치자가루15g,503207
백미,503208
고추피클,503209
된장8g,503210
우리밀가루50g,503211
참기름3g,503212
노랑파프리카3g,503213
포도씨유,503214
마요네즈9g,503215
건다시마3g,503216
파2g,503217
된장9g,503218
양파5g고추장9g,503219
생강청15g올리고당15g,503220
블루베리잼30g,503221
파슬리가루1g,503222
바질잎1g,503223
백일송이25g국물:채소국물8컵,503224
쌀20g,503225
2가지색파프리카100g양파100g,503226
방울토마토100g마늘100g,503227
오이7.8g,503228
땅콩2g,503229
소금2g,503230
우유66g,503231
아가베시럽,503232
슬라이스체더치즈,503233
마늘2.5g,503234
저염간장10g,503235
두절콩나물5.3g,503236
호박10g,503237
포도씨유50g,503238
코코넛오일20g,503239
도라지15g,503240
무염버터30g,503241
코코넛워터,503242
그라나파다노치즈,503243
말린토마토,503244
파마산치즈3g,503245
미나리1.0g,503246
냉동아보카도,503247
황태머리,503248
다진생강,503249
간장15g,503250
청양고추1g,503251
마늘1.7g,503252
플레인요거트2g,503253
청,503254
마늘다진것1.2g,503255
홍고추마른것1g,503256
무순1g,503257
후춧가루0.1g<br/>저나트륨초간장소스:간장1.3g,503258
버터5g,503259
바질2.5g,503260
마늘가루1g,503261
코리앤더씨드1g,503262
사과10g,503263
영양부추10g,503264
목이버섯0.4g,503265
느타리버섯13g,503266
당귀잎2.5g,503267
깻잎3g[소스소개]저나트륨초고추장소스:고추가루1g,503268
새우젓0.5g,503269
깐연근1.7g,503270
해조국수,503271
녹말가루1g,503272
마늘1.3g,503273
홍피망12g[소스소개]잣소스:잣20g,503274
바질다진것0.6g,503275
양파즙10g,503276
물엿1g,503277
조미술1g,503278
샐러리7.5g,503279
식용유1.4g,503280
물6.6g,503281
달걀10g,503282
찰깨빵,503283
간장1g,503284
고사리10g,503285
사과1.5g,503286
대왕오징어채30g,503287
토마토콩카세30g,503288
땅콩기름5g,503289
쇠고기다진것25g,503290
모짜렐라치즈10g,503291
밥10g,503292
타임다진것0.5,503293
샐러리3g,503294
바케트빵6g,503295
쪽파1g,503296
상추30g,503297
생크림2g,503298
당근채썬것10g,503299
블랙올리브2g,503300
밥50g,503301
레몬주스5g,503302
닭육수100g,503303
밀가루3g,503304
닭육수150g,503305
올리고당6g,503306
월계수잎1g,503307
식초3g,503308
건포도20g,503309
잣1g설탕시럼설탕과물을동량으로하여중불에서서서히녹인다.기호에맞게만든다.,503310
민트1g,503311
오징어30g[양념]설탕5g,503312
양송이10g,503313
레몬제스트2g,503314
참나물5g,503315
들기름5g,503316
매실식초,503317
양파즙5g,503318
생강즙2g,503319
건포도4g,503320
아보카도6g,503321
다진파5g,503322
머스터드1g,503323
혼다랑어가쓰오부시1g,503324
딸기쨈5g,503325
파인소프트C50g,503326
다진파슬리,503327
식물성기름2g,503328
카레가루3g,503329
로메인10g,503330
밀가루10g,503331
조랭이떡15g,503332
실곤약20g[산마드래싱]산마10g,503333
간장5g,503334
대파채친것3g,503335
무청3g,503336
땅콩2.5g,503337
올리브유3.5g,503338
건함초,503339
식빵30g,503340
물3g,503341
설탕10g[당근조림]당근20g,503342
삶은달걀노른자5g,503343
새우12g,503344
토마토25g[양념장]간장5g,503345
설탕6g[소스]참마25g,503346
건타임0.5g,503347
전분2.25g,503348
콩기름5g,503349
대하,503350
우리밀가루20g,503351
검정깨2g,503352
올리브유12,503353
감자전분10,503354
후추0.01,503355
설탕1.5,503356
마늘2,503357
참기름1,503358
레드어니언8g,503359
라임주스3g,503360
소금0.38,503361
검정깨,503362
설탕1,503363
참기름4,503364
느타리버섯30,503365
대파4,503366
다진마늘2,503367
청양고추5,503368
다진마늘0.5,503369
들기름3g,503370
통깨1,503371
설탕2,503372
건고추3g,503373
달걀노른자5g,503374
쑥갓2g,503375
야채육수50g,503376
미나리3g주먹밥데친꼬막살12g,503377
영콘20g,503378
호이트와인15ml,503379
저지방우유130g,503380
두유45g,503381
크림17.5g,503382
마늘4g,503383
체리토마토10g,503384
쌈다시마15g,503385
은행3g,503386
토마토61.5g,503387
생모짜렐라치즈,503388
후춧가루0.21g,503389
건포도10g,503390
호박씨0.8g,503391
식용유10g[소스소개]탕수소스:감자녹말가루7g,503392
래디쉬15g[소스소개]저나트륨볶음고추장,503393
파인애플주스1.5g,503394
소금0.4g,503395
다시물12.3g,503396
가지10g[소스소개]저나트륨발사믹소스:올리브오일30g,503397
식용유2g[소스소개]굴소스:굴소스0.3g,503398
후추0.1g,503399
통깨0.4g,503400
깨,503401
냉동딸기,503402
마늘다진것2.5g,503403
식초2g.소금1g,503404
두반장,503405
고추자3g,503406
모짜렐라치즈30g,503407
카엔패퍼2g,503408
설탕2.2g,503409
청고추0.5g,503410
호박씨,503411
우유55.7g,503412
각얼음,503413
메주콩,503414
무8g,503415
청양고추2g,503416
마늘0.1g,503417
닭뼈20g,503418
보리새우0.1g,503419
황파프리카5g,503420
식용꽃10g,503421
검정깨0.01g,503422
후추3g,503423
흑임자5g,503424
당근1.2g,503425
단감13g,503426
대두유12g,503427
식용유3g,503428
다시마3g,503429
함초가루1g,503430
우유175g,503431
드라이이스트,503432
노른자각각1장),503433
고추8g,503434
코코넛오일12g,503435
쑥파우더,503436
곤약면,503437
블랙타이거새우,503438
전분30g,503439
미나리12g,503440
천도복숭아,503441
애호박 약,503442
주키니호박 약,503443
국간장 1과,503444
참기름 약 1과,503445
간 마늘 1과,503446
고운 고춧가루 약,503447
자숙연근 약,503448
밀가루 약,503449
굵은 고춧가루 약 1과,503450
버터 약 2와,503451
슬라이스햄,503452
맛술 2와,503453
달걀 흰자,503454
소고기 불고기용,503455
양송이 버섯 1과,503456
간 생강,503457
비엔나소시지,503458
멸치액젓 1과,503459
간소고기 1과,503460
- 골뱅이살,503461
옛날소시지,503462
대파 10g,503463
 물,503464
 다시마가루,503465
 크림소스,503466
 모짜렐라 치즈,503467
소금약간,503468
우유10g,503469
레몬즙3g,503470
소금약간두유요거트소스:두유50g,503471
저염간장4g,503472
모시조개150g,503473
김치15g,503474
부침가루45g,503475
참기름약간,503476
다진생강5g,503477
밀가루25g,503478
토마토600g,503479
후춧가루2g,503480
액젓,503481
조랭이떡,503482
함초소금1g,503483
레몬즙15g탄산수50ml,503484
홀토마토50g,503485
파슬리가루1g소스:르네디종홀그레인머스터15g,503486
커피1g,503487
흰후추3g,503488
치즈가루15g,503489
다진돼지고기50g,503490
플레인요거트,503491
레몬즙10g소스:고추장15g,503492
저염간장15g,503493
청주15g국물:거피한들깨가루100g,503494
생강청10g,503495
정종100ml,503496
대파10g양념:고춧가루20g,503497
참기름15g국물:다진마늘15g,503498
김밥용김,503499
데리야키소스,503500
마늘10g국물:다시마물400g,503501
청경채20g애호박25g,503502
다진마늘15g애호박25g,503503
다진홍고추5g,503504
흰후추2g,503505
청고추25g국물:해물육수400g,503506
오이70g,503507
계피가루5g,503508
후추2g무염버터5g,503509
다진대파,503510
기름10g,503511
청양고추7g,503512
파마산가루3g,503513
계란60g소스:저염간장30g,503514
다진청고추7g,503515
양파40g샐러드소스:청고추17g,503516
유자청15g,503517
저염치즈,503518
사워크림,503519
캐슈넛,503520
자몽,503521
레시틴가루,503522
참기름20g,503523
와사비1g,503524
북어,503525
데친미나리,503526
래디시,503527
고추,503528
후춧가루1g,503529
다시마15g,503530
세발나물,503531
흑임자7g,503532
양파60g다진마늘15g,503533
밀가루30g국물:바지락100g,503534
생강즙5g,503535
부순참깨,503536
쪽파15g,503537
감자30g올리브오일15g,503538
라이스페이퍼1장,503539
식용유20g소스:마늘7g,503540
다진마늘15g,503541
와인,503542
땅콩5g,503543
호상요구르트10g,503544
새우젓국물2g,503545
파1g,503546
올리브유15g소스:토마토페이스트100g,503547
다진마늘10g국물:소고기양지75g,503548
다진마늘7g,503549
겨자2g,503550
다진파,503551
고사리,503552
칵텔새우,503553
토마토케첩,503554
목이버섯,503555
사과식초1.25g,503556
홍고추2.5g,503557
매실액6g,503558
콩기름4g,503559
물400g-부추양념장:다시마국물5g,503560
건다시마2.5g,503561
올리고당15g,503562
로즈마리1g양념장:참기름5g,503563
백년초,503564
12g,503565
포도주스,503566
호박,503567
물180g,503568
식초0.3g,503569
올리브유3g,503570
식초6g,503571
후춧가루0.5g양파10g,503572
발사믹식초30g곁들이김치:명이김치25g,503573
함초소금2g,503574
레몬껍질10g소스:마요네즈30g,503575
드라이토마토10g,503576
밀가루5g소스:홀스레디쉬30g,503577
미소된장5g,503578
참기름1.5g,503579
연겨자0.28g,503580
대두유5g,503581
올리브유25g,503582
호두50g,503583
사과주스,503584
닭육수,503585
피클링스파이스5g,503586
젓갈,503587
바질잎,503588
물150g,503589
적파프리카15g,503590
국멸치1.3g,503591
대두유3g,503592
통밀가루,503593
참나물50g,503594
바나나180g,503595
파프리카50g,503596
아몬드플레이크,503597
삶은감자,503598
바지락60g,503599
깐양파1.1g,503600
절임올리브,503601
맛간장,503602
다진마늘0.5g,503603
밀가루1.7g,503604
레몬70g,503605
파10g,503606
케첩9g,503607
정종5g,503608
레디쉬0.3g,503609
사과주스3.8g,503610
홍고추다진것1g,503611
설탕1.3g,503612
버터3g,503613
흰다리새우,503614
양파즙13g,503615
양파4g,503616
양파2.5g,503617
샐러리4g,503618
표고버섯13g[소스소개]볶음소스:청피망8g,503619
파슬리다진것1g[소스소개]지중해소스:토마토20g,503620
배추잎2.5g,503621
생강즙1g,503622
토마토9g,503623
스리라차소스,503624
콩나물16g,503625
배즙37.5,503626
방울토마토8g,503627
녹말0.8g,503628
마늘즙1g,503629
레몬즙0.8g,503630
배7.5g[소스소개]저나트륨파인애플소스:파인애플3g,503631
밀가루1.1g[소스소개]토마토케첩소스:마늘다진것1.1g,503632
식초0.4g,503633
완두콩4g,503634
포도10g,503635
마늘다진것1g[소스1]간장1g,503636
콩나물10g,503637
깐양파2g,503638
백김치30g,503639
백후춧가루,503640
땅콩버터1g,503641
설탕5g[장식재료선택]멜론,503642
돼지고기갈은것10g,503643
올리브오일1.5g,503644
캔참치3g,503645
젓갈0.5g,503646
삼계탕육수,503647
건표고버섯5g,503648
아스파라거스2g,503649
토마토10g,503650
파9g,503651
오렌지주스5g,503652
달걀물5g,503653
잣1g,503654
레몬즙2g,503655
생강가루2g,503656
검은깨3g,503657
햄5g,503658
차이브5g,503659
취나물5g,503660
목이버섯10g,503661
리치캔35g,503662
또띠아8인치30g,503663
워터크레스1g,503664
레몬주수1g,503665
데미글라스10g,503666
저염간장3g,503667
무청시래기,503668
치커리6g,503669
강력분50g,503670
불린현미,503671
후추적당량[양송이속양파다진것10g,503672
파다진것2g,503673
들깨8g,503674
생강3g,503675
양파채친것6g,503676
레몬즙1g,503677
버터30g,503678
검은깨1g,503679
양파12g,503680
버터0.5g,503681
튀김가루4.25g,503682
저염간장0.4g,503683
국간장1g,503684
간장4,503685
참기름2,503686
후추0.02,503687
참기름1소스:데쳐서다진취나물5,503688
맛술1.25,503689
올리브유6,503690
콩기름1,503691
치즈슬라이스10g,503692
전분6g,503693
발사믹식초4g,503694
올리브오일2g,503695
카레가루0.5g,503696
치즈슬라이스4g,503697
다진파4,503698
깨소금0.5,503699
통깨1.5양념장:고추장5,503700
팽이버섯30,503701
들깨가루6,503702
식초2.5g,503703
실파5,503704
매실액4.5,503705
거피들깨가루6g,503706
새우젓0.75,503707
소금0.2,503708
후춧가루적당량[조림장]간장1g,503709
오렌지주스20g,503710
그린샐러드적당량[불고기드래싱]풋고추3g,503711
톳무침양념설탕,503712
허브타르타르드레싱양파,503713
쳥양고추3g,503714
식용유20g,503715
또띠아45g,503716
파마산치즈4.9g,503717
토마토120g토마토소스:셀러리8g,503718
흑임자0.5g,503719
밤12g,503720
베이컨4.5g,503721
파마산치즈가루,503722
저나트륨베이킹파우더0.5g,503723
호두12g,503724
레드와인5g,503725
소금0.3g겨자초장:겨자가루1.5g,503726
맛술0.4g,503727
포도식초5g,503728
간장0.3g,503729
식용유1g호두캐러멜:호두12g,503730
강력분,503731
춘권피,503732
블랙초콜릿,503733
두부1.2cm90g,503734
호부추5g,503735
견과류:아몬드,503736
파마산치즈7g,503737
사워크림2g,503738
홍고추0.5g[소스소개]저나트륨초간장소스:간장1g,503739
가루녹차,503740
도토리가루2g,503741
감자33g,503742
바닐라에센스0.1g,503743
백앙금,503744
밀가루7g,503745
마늘0.5g,503746
주황파프리카5g,503747
쑥갓10g,503748
부추5.9g,503749
물30ml,503750
토마토홀30g,503751
간장7.5g,503752
전분물24g,503753
파트페레멘테95g,503754
카놀라유20g,503755
생크림250g,503756
삶은쌀소면,503757
옥수수100g,503758
구운김,503759
건무화과,503760
계란110g,503761
홍고추0.1g,503762
2장),503763
닭날개,503764
표고버섯 약,503765
진간장 약 2와,503766
간마늘 약,503767
식용유 1과,503768
토마토 주스 약,503769
들깻가루 약,503770
마요네즈 약 4와,503771
페퍼론치노,503772
베이크드빈스 1과,503773
표고버섯 1과,503774
통마늘 약,503775
[,503776
조각 다시마,503777
우유 약,503778
쌀뜨물,503779
피자치즈,503780
블랙올리브,503781
설탕 1.,503782
완숙 토마토,503783
굴 소스,503784
맛소금 1과,503785
육수 1.,503786
대패 삼겹살,503787
돼지지방,503788
버터 1.,503789
땅콩버터,503790
바게트빵,503791
가다랑어 포 5g,503792
 들깨가루,503793
 통깨,503794
참깨약간,503795
물2ml,503796
머스터드3g,503797
청피망3g,503798
냉이35g,503799
소시지10g,503800
새우젓국15g,503801
발사믹식초10g,503802
소금20g,503803
치자가루,503804
올리브오일30g곁들이야채:양파20g,503805
어간장5g,503806
양파25g카레가루25g,503807
어간장15g,503808
꽈리고추25g대파채:대파25g,503809
물700g,503810
퀴노아,503811
이태리시즈닝,503812
흑설탕,503813
무25g육수:해물육수300g,503814
고춧가루10g,503815
플레인요구르트,503816
다진붉은고추,503817
시래기,503818
모시조개200g,503819
숙주25g,503820
메추리알25g,503821
다진마늘2g다진대파2g,503822
청양고추20g,503823
허브식초15g,503824
연겨자,503825
가다랑어장국,503826
어간장7g,503827
방울토마토25g,503828
다진홍고추7g,503829
오이25g소스:맛간장15g,503830
맛간장10g,503831
깨15g,503832
꽃게,503833
멸치다시마육수,503834
흰후추약간,503835
5g),503836
우렁25g,503837
고춧가루20g,503838
레드와인30g,503839
흰후추0.3g곁들이채소:고구마50g,503840
어간장10g,503841
홍피망50g,503842
소금0.5g우유50ml,503843
미니파프리카25g,503844
물200g소스:된장15g,503845
간편어간장15g,503846
저염된장25g,503847
발효겨자,503848
마늘기름30g,503849
영양부추20g곁들이채소:적양배추30g,503850
홍고추15g국물:두유200g,503851
양파50g양념장:멕시코고추2g,503852
건조체리15g,503853
참깨5g,503854
연겨자15g,503855
통깨10g샐러드:수삼1개,503856
설탕5g올리고당15g,503857
먹물,503858
다진생강0.65g,503859
물60g,503860
소금0.15g,503861
식초0.5g,503862
매실청10g,503863
건멸치,503864
홍파프리카,503865
감식초1.25g,503866
건청양고추2.5g,503867
대파5g-양념장:된장2g,503868
-멸치견과류쌈장:다시마국물10g,503869
스위트칠리,503870
저염소금,503871
-소스:토마토,503872
복분자,503873
석류주스,503874
현미유4g,503875
현미유1.5g,503876
소금0.7g,503877
호상요구르트50g,503878
만두피75g,503879
우동,503880
꼬치,503881
맛술3.75g,503882
매실액5g,503883
간장4g,503884
물100g홍시드레싱:홍시30g,503885
백김치25g,503886
마늘오일15g곁들이야채:양파25g,503887
레몬즙15g,503888
황설탕5g고춧가루5g,503889
칵테일새우30g,503890
진간장0.05g,503891
흑마늘진액5g,503892
참깨10g,503893
건크랜베리20g,503894
크랜베리24g,503895
청상추,503896
블랙올리브파우더,503897
황파프리카15g,503898
건다시마0.3g,503899
볶은콩가루60g,503900
미림,503901
연근30g,503902
사과즙,503903
밤고구마130g,503904
로즈마리5g,503905
핑크페퍼,503906
녹인무염버터,503907
무우40g,503908
파프리카1.1g,503909
블랙5g),503910
1장),503911
미림15g,503912
생강즙0.5g,503913
토마토페이스트13.7g,503914
청주10g,503915
다시마5g,503916
다진토마토,503917
홍토마토12g,503918
참기름0.8g,503919
깻잎1.5g,503920
식초1.3g,503921
간장1.2g,503922
오레가노2g,503923
케찹5g,503924
식초4g,503925
노랑각1개),503926
흰후춧가루1g,503927
올리브오일6g,503928
올리브10g,503929
샐러리잎2.5g,503930
사과주스10g,503931
깐양파9.5g,503932
생강즙2.4g,503933
생강즙4g,503934
사과주스5g,503935
흰후춧가루0.1g레몬즙5g,503936
식용유4.8g,503937
식초0.8g,503938
파인애플통조림국물4.5g,503939
양파다진것1.1g,503940
설탕0.2g,503941
연어필레,503942
부추1g,503943
진간장1.2g,503944
양조식초3g,503945
춘권피30g,503946
칵테일새우5g,503947
참깨0.5g,503948
해바라기씨2g,503949
토마토콩카세15g,503950
식물성기름1g,503951
다시마육수70g,503952
빵가루3g,503953
육수6g,503954
캔옥수수10g,503955
설탕0.5g,503956
다진마늘4g,503957
파다진것4g,503958
쌀국수가는것15g,503959
베이컨5g,503960
올리브오일10g,503961
통후추부순것2g,503962
흰후춧가루적당량,503963
계피가루적당량,503964
멸치육수200g,503965
생선육수3g,503966
토마토케첩2g,503967
80g)•양념:다진마늘,503968
레몬쥬스2g,503969
검은콩두유,503970
애플민트잎,503971
버터적당량,503972
소금적당량[멸치액적소스]멸치액젓2g,503973
튀김기름8g,503974
피망채친것5g,503975
아몬드20g,503976
흰깨2g[밥양념]참기름2g,503977
물엿5g,503978
칼국수면80g,503979
소금0.05g,503980
다진파3g,503981
파래김0.5,503982
소금0.38김치조림:백김치60,503983
청양고추2,503984
고운고추가루1,503985
베이비채소5소스:마요네즈4,503986
다진마늘1,503987
우유25g,503988
식용유적당량[밥밑간]깨소금2g,503989
전분2g[참치양념]마요네즈3g,503990
슬라이스햄4g,503991
레드어니언12g,503992
다진파2.5,503993
다시마국물200,503994
물2.5g,503995
멸치액젓0.2g,503996
고추장3g,503997
소금적당량[냉국국물재료]다시마육수90g,503998
생크림5g,503999
쌀200g,504000
저염치즈10g,504001
버터2.1g[라비올리반죽]중력분35g,504002
바질8g,504003
국간장4g,504004
케일20g,504005
다시마육수20g[소스소개]저나트륨간장양념장:간장1g,504006
달걀흰자80g,504007
레몬그라스,504008
머스터드파우더0.5g,504009
딸기잼40g,504010
물미지근한것1g,504011
식용유5g[소스소개]고기밑간양념:후춧가루0.1g,504012
고춧가루2.5g,504013
설탕0.4g,504014
오레가노마른것0.5g,504015
황설탕24g,504016
그린빈10g,504017
도라지10g,504018
호두2g[소스소개]참기름드래싱:간장2g,504019
캔토마토20g,504020
두유70g,504021
청주1.5g,504022
코코넛설탕,504023
달걀6.5g,504024
카레가루10g,504025
통조림단팥장식용,504026
건새우10g,504027
식초50g,504028
새우가루5g,504029
케찹15g,504030
흑임자0.1g,504031
깐양파3.7g,504032
우유114ml,504033
레몬제스트1개,504034
리코타치즈,504035
불린라이스페이퍼,504036
겨잣가루,504037
볶은호두,504038
아보카도유,504039
굵은 고춧가루 2와,504040
오이채,504041
마라소스 약,504042
새우젓 페스토,504043
체다슬라이스치즈,504044
쌀국수 불리기 전 60g → 불린 후 1과,504045
다시마 약,504046
달걀 노른자,504047
진간장 약1과,504048
소고기다시다,504049
멸치 액젓,504050
즉석밥,504051
갈은 깨,504052
만능양념장,504053
국간장 1.,504054
찬물,504055
뜨거운물,504056
김가루,504057
고형카레,504058
 맛술,504059
통깨약간,504060
올리브유약간간장레몬소스:저염간장5g,504061
레몬즙5g,504062
간장30g,504063
우민찌5g,504064
식용유15g,504065
화이트와인10g,504066
물엿50g,504067
바질50g,504068
우렁이,504069
배즙,504070
설탕15g올리고당15g,504071
파슬리가루2g,504072
우유200g생크림30g,504073
다진쪽파15g,504074
소금0.75g,504075
쌀파스타면,504076
황태포,504077
라면스프,504078
버터5g다진양파15g,504079
마늘기름30g흰후추1g,504080
청주30g,504081
노란파프리카,504082
토마토페이스트,504083
다진풋고추,504084
청양고추20g육수:천연다시다15g,504085
양념장:맛간장30g,504086
연겨자10g,504087
삶은메추리알,504088
다진파프리카,504089
대파뿌리7g,504090
미나리20g양념장:맛간장25g,504091
다진대파7g,504092
맛간장7g,504093
버섯마늘소금1g흰후추1g,504094
물10g),504095
참기름6g,504096
그라놀라30g,504097
생크림50ml,504098
영양부추5g소스:매실청30g,504099
통깨5g양념장:맛간장15g,504100
사과70g,504101
맛간장30g,504102
알배추35g,504103
레드와인30g곁들이채소:어린채소30g고명:파마산치즈,504104
꿀0.5g,504105
연겨자1.25g,504106
통깨0.2g,504107
간편어간장15g통깨2g,504108
통깨7g,504109
마늘20g,504110
소주15g,504111
토마토소스,504112
미더덕,504113
쌀밥,504114
건당면5g,504115
설탕1g매쉬포테이토:감자100g,504116
볶은소금5g,504117
-육수:멸치,504118
황도,504119
흑임자1g,504120
딸기40g,504121
다진생강0.5g,504122
말린청양고추0.5g,504123
포도주15g올리고당15g,504124
가지25g,504125
홀그레인머스터즈10g,504126
야채국물800g,504127
식초0.57g,504128
호두20g,504129
시금치소량,504130
주황파프리카15g,504131
깐대파2g,504132
고추장20g,504133
견과류10g,504134
바질럽드,504135
치아바타,504136
황설탕0.1g,504137
훈제파프리카파우더,504138
된장2g,504139
후추0.2g,504140
건새우3g,504141
오미자엑기스5g,504142
대파3g저나트륨된장소스:된장1g,504143
설탕1.2g,504144
마늘가루0.5g,504145
10g,504146
삶은검은콩,504147
레몬즙3.2g,504148
정종2g,504149
청양고추15g,504150
케이퍼3g,504151
백만송이버섯2.5g,504152
다시마육수100g,504153
양송이버섯1.3g,504154
통조림홀토마토,504155
느타리버섯16g,504156
청고추다진것4g,504157
찹쌀가루8g,504158
홍고추0.5g[소스소개]양념장:간장1.5g,504159
맛술5g,504160
마늘다진것0.2g,504161
마늘다진것0.5g,504162
올리브오일3.6g,504163
청고추0.2g,504164
참기름0.5g[소스소개]저나트륨칠리소스:두반장1g,504165
우유50ml,504166
올리브유엑스트라버전30g,504167
깻잎순3g,504168
깐마늘1.2g,504169
파프리카가루1g,504170
치즈5g,504171
날치알3g,504172
파마산치즈4g,504173
캔옥수수20g,504174
저염간장2g,504175
피클링스파이스1g,504176
실파5g[피자소스]마늘다진것2g,504177
라이스페이퍼20g[새콤달콤소스]양파5g,504178
바나나10g,504179
사워크림3g,504180
후추약간,504181
머스타드2g,504182
귤즙10g,504183
2배양조식초1.5g,504184
분유8g,504185
오렌지주스3g,504186
브러컬리5g,504187
해바라기씨30g,504188
스파게티면40g,504189
식용유적당량,504190
식물성기름500ml,504191
타임,504192
넛맥가루,504193
토마토케첩5g,504194
찹쌀가루0.5g,504195
다진실파5,504196
다진마늘2국물:멸치다시마국물,504197
적포도주40,504198
간양파5,504199
와사비갠것1,504200
굴소스0.3,504201
바질약간,504202
베이컨4g,504203
다진마늘1.25,504204
레몬즙3,504205
다시마1,504206
맛술5,504207
토마토케첩3g,504208
파마산치즈5g,504209
당근주스30g,504210
참깨3g두부강된장참기름10g,504211
파15g,504212
애호박10g,504213
참기름7g,504214
강력분100g,504215
오레가노2.5g,504216
앤다이브20g,504217
사과쥬스4g,504218
후춧가루0.2g,504219
밀가루16g,504220
설탕2.5g,504221
정종1g,504222
홍피망3g,504223
고추냉이0.5g,504224
타임마른것0.5g,504225
바닐라빈,504226
달걀5g,504227
타임2g,504228
설탕0.3g,504229
연겨자0.5g,504230
고추장1g,504231
바닐라향,504232
민트장식용,504233
세발나물10g,504234
표고버섯가루1g,504235
애호박5.3g,504236
감자전분50g,504237
물236g,504238
곶감88g,504239
미소된장30g,504240
볶은아몬드슬라이스,504241
목이버섯3g,504242
식초25g,504243
굵은고추가루,504244
버터 약,504245
통깨 약,504246
참기름 1과,504247
절단 다시마,504248
굵은고춧가루 약,504249
재래식 된장 약2와,504250
무우,504251
모짜렐라,504252
설탕약간,504253
황파프리카140g,504254
마른고추,504255
떡,504256
표고버섯밑동,504257
2가지색파프리카20g,504258
레몬소금1g,504259
청주15g레몬즙5g,504260
흰후추1g소스:일본된장15g,504261
파프리카가루,504262
머스터드소스,504263
굵게다진사과,504264
버섯마늘소금2g,504265
저염진간장,504266
마늘칩2g,504267
고추냉이5g,504268
붉은파프리카,504269
바질가루,504270
어슷썬풋고추,504271
표고버섯가루,504272
마늘6g,504273
조청,504274
로즈마리1g.마늘기름15g소스:오렌지주스100g,504275
발사믹식초15g,504276
들기름10g,504277
고운소금,504278
다시마물,504279
다진잣,504280
마늘25g,504281
참깨15g,504282
당근30g샐러드소스:식초30g,504283
연유2.5g,504284
청고추2.5g,504285
매실청30g,504286
청양고추25g고사리양념:맛간장15g,504287
굵은고춧가루1.7g,504288
실파2.5g,504289
된장2.5g,504290
흰후추1g통깨5g,504291
크림소스,504292
고춧가루0.5g,504293
식초0.75g,504294
통깨0.1g,504295
다시마국물3.75g,504296
통깨0.3g,504297
3배식초0.5g,504298
대파뿌리,504299
멕시코고추1g,504300
참기름0.14g,504301
김치70g,504302
말린방울토마토4~5개,504303
국간장1.4g,504304
미림2g,504305
바질페스토,504306
쌀뜨물300ml,504307
잣0.2g,504308
카옌페퍼,504309
쌀뜨물60ml,504310
물18g<br/>이탈리안시즈닝:타임0.9g,504311
와사미0.8g,504312
깨소금0.5g,504313
설탕3.2g,504314
대파13g,504315
쑥갓1.3g,504316
당근11.4g,504317
홍고추0.8g,504318
홍고추다진것2g,504319
식용유10g[소스소개]매운고추소스:매운고춧가루1.3g,504320
조미술1.5g,504321
레몬즙1.5g,504322
홍고추0.2g,504323
고추기름3g,504324
닭육수15g,504325
깐생강0.3g,504326
민트,504327
토마토케첩1g,504328
튀김기름3g,504329
마요네즈5g[초대리]식초5g,504330
소금적당량[바질페스토]잣2g,504331
슬라이스치즈8g,504332
라임주스1g,504333
알파벳파스타20g,504334
양송이5g,504335
파마산치즈1g,504336
튀김기름10g[소스]올ㄹ브오일1g,504337
키위10g,504338
토마토페이스트3g,504339
우스터소스2g,504340
아몬드분말74g,504341
캔참치20g<strong>[드래싱]</strong>올리브오일2g,504342
레몬제스트1g,504343
설탕3.8g,504344
호박씨10g,504345
방울토마토15g,504346
통깨적당량,504347
파마산치즈2g,504348
물전분4g[간장소스]멸치육수50g,504349
허니머스터드소스5g,504350
계피가루0.2g,504351
건멸치2.5,504352
맛술15,504353
레몬즙2,504354
두반장1,504355
모짜렐라치즈7g,504356
흰후춧가루적당량[소스]잣3g,504357
소금적당량[쇠고기밑간]간장2g,504358
통후추적당량,504359
샐러리다진것2g,504360
돼지호박12g,504361
계란7,504362
청양고추2.5,504363
간양파3,504364
대파5)소스:간장4.5,504365
참기름2양념장:물25,504366
통깨0.5,504367
후춧가루적당량[양념장]간장2g,504368
굴소스3g,504369
도미살30g,504370
맛술2g,504371
다진양파14g,504372
마늘15,504373
소금0.2g[소스소개]간장2g,504374
레몬즙7g,504375
달걀38.5g,504376
로즈마리2.5g,504377
겨자0.5g,504378
밀가루40g,504379
물40.5g,504380
파슬리다진것0.4g,504381
달걀55g,504382
달걀4g,504383
팽이버섯3g,504384
식용유0.7,504385
로즈마리마다진것0.5g,504386
참기름0.6g,504387
게피0.5g,504388
영콘15g,504389
바질2g,504390
양파다진것7g,504391
그릭요거트,504392
마스카르포네치즈,504393
귤,504394
녹말가루5g,504395
함초가루3g,504396
계란노른자5g,504397
후추0.5g,504398
달걀1.0g,504399
대추0.1g,504400
호두94g,504401
찐고구마,504402
물30m,504403
먹물가루30g,504404
병아리콩삶은물,504405
간생강 약,504406
소고기다시다 약,504407
간 배 5컵 - 배2개 + 물,504408
